Year,Month,Payment_Mode,Volume_Lakhs,Value_Crores,Banks_Live,Num_Transactions_Daily_Avg,Market_Share_Pct,YoY_Growth_Volume_Pct,Avg_Ticket_Size_Rs,Success_Rate_Pct,Digital_Payment_Index,Quarter
2016,4,UPI,0.09,1.6,21,300,0.01,0.0,1781.06,93.2,100.84,Q1 FY2016-17
2016,4,IMPS,48.2,2653.89,21,160667,5.76,0.0,5506.0,96.91,100.84,Q1 FY2016-17
2016,4,NEFT,143.36,358383.97,21,477867,17.13,0.0,249988.82,99.76,100.84,Q1 FY2016-17
2016,4,RTGS,93.41,5137561.56,21,311367,11.16,0.0,5500012.38,98.32,100.84,Q1 FY2016-17
2016,4,NACH,185.09,5945.52,21,616967,22.12,0.0,3212.23,92.94,100.84,Q1 FY2016-17
2016,4,AePS,5.31,148.34,21,17700,0.63,0.0,2793.61,87.04,100.84,Q1 FY2016-17
2016,4,Debit_Card,233.48,3778.38,21,778267,27.9,0.0,1618.29,94.68,100.84,Q1 FY2016-17
2016,4,Credit_Card,98.75,4123.37,21,329167,11.8,0.0,4175.56,94.84,100.84,Q1 FY2016-17
2016,4,PPI,27.74,255.44,21,92467,3.31,0.0,920.85,93.61,100.84,Q1 FY2016-17
2016,4,NETC,0.48,0.63,21,1600,0.06,0.0,132.29,92.05,100.84,Q1 FY2016-17
2016,4,BBPS,1.0,18.02,21,3333,0.12,0.0,1802.17,96.41,100.84,Q1 FY2016-17
2016,5,UPI,0.11,1.96,23,367,0.01,0.0,1778.64,93.49,99.27,Q1 FY2016-17
2016,5,IMPS,53.95,2973.15,23,179833,6.29,0.0,5510.93,96.3,99.27,Q1 FY2016-17
2016,5,NEFT,155.14,388229.8,23,517133,18.09,0.0,250244.81,98.45,99.27,Q1 FY2016-17
2016,5,RTGS,95.97,5283619.41,23,319900,11.19,0.0,5505490.68,99.9,99.27,Q1 FY2016-17
2016,5,NACH,185.51,5953.24,23,618367,21.63,0.0,3209.12,92.65,99.27,Q1 FY2016-17
2016,5,AePS,5.32,148.41,23,17733,0.62,0.0,2789.65,89.07,99.27,Q1 FY2016-17
2016,5,Debit_Card,232.99,3700.21,23,776633,27.17,0.0,1588.14,94.85,99.27,Q1 FY2016-17
2016,5,Credit_Card,97.37,4126.32,23,324567,11.36,0.0,4237.77,96.76,99.27,Q1 FY2016-17
2016,5,PPI,29.63,268.22,23,98767,3.46,0.0,905.22,93.92,99.27,Q1 FY2016-17
2016,5,NETC,0.49,0.66,23,1633,0.06,0.0,133.83,92.24,99.27,Q1 FY2016-17
2016,5,BBPS,1.01,18.05,23,3367,0.12,0.0,1787.34,93.13,99.27,Q1 FY2016-17
2016,6,UPI,0.11,1.97,25,367,0.01,0.0,1791.67,93.46,98.89,Q1 FY2016-17
2016,6,IMPS,50.1,2762.71,25,167000,5.63,0.0,5514.39,98.18,98.89,Q1 FY2016-17
2016,6,NEFT,165.48,414521.16,25,551600,18.58,0.0,250496.23,98.51,98.89,Q1 FY2016-17
2016,6,RTGS,96.95,5342939.13,25,323167,10.89,0.0,5511025.4,99.9,98.89,Q1 FY2016-17
2016,6,NACH,181.01,5774.29,25,603367,20.32,0.0,3190.04,90.7,98.89,Q1 FY2016-17
2016,6,AePS,5.44,151.78,25,18133,0.61,0.0,2789.99,88.74,98.89,Q1 FY2016-17
2016,6,Debit_Card,248.29,4009.59,25,827633,27.88,0.0,1614.88,95.02,98.89,Q1 FY2016-17
2016,6,Credit_Card,110.51,4631.07,25,368367,12.41,0.0,4190.63,95.88,98.89,Q1 FY2016-17
2016,6,PPI,31.13,290.56,25,103767,3.5,0.0,933.37,93.39,98.89,Q1 FY2016-17
2016,6,NETC,0.54,0.75,25,1800,0.06,0.0,139.08,92.55,98.89,Q1 FY2016-17
2016,6,BBPS,1.06,18.85,25,3533,0.12,0.0,1777.9,95.56,98.89,Q1 FY2016-17
2016,7,UPI,0.12,2.16,27,400,0.01,0.0,1800.35,95.61,101.09,Q2 FY2016-17
2016,7,IMPS,51.84,2855.58,27,172800,5.71,0.0,5508.45,97.3,101.09,Q2 FY2016-17
2016,7,NEFT,160.39,402186.12,27,534633,17.65,0.0,250755.11,98.29,101.09,Q2 FY2016-17
2016,7,RTGS,86.45,4769037.6,27,288167,9.51,0.0,5516527.01,99.9,101.09,Q2 FY2016-17
2016,7,NACH,187.91,6052.11,27,626367,20.68,0.0,3220.75,92.42,101.09,Q2 FY2016-17
2016,7,AePS,5.42,151.13,27,18067,0.6,0.0,2788.43,87.69,101.09,Q2 FY2016-17
2016,7,Debit_Card,272.2,4315.95,27,907333,29.96,0.0,1585.58,96.81,101.09,Q2 FY2016-17
2016,7,Credit_Card,111.84,4750.93,27,372800,12.31,0.0,4247.97,97.47,101.09,Q2 FY2016-17
2016,7,PPI,30.81,275.4,27,102700,3.39,0.0,893.86,91.76,101.09,Q2 FY2016-17
2016,7,NETC,0.59,0.8,27,1967,0.06,0.0,135.48,92.87,101.09,Q2 FY2016-17
2016,7,BBPS,1.1,19.65,27,3667,0.12,0.0,1785.96,94.76,101.09,Q2 FY2016-17
2016,8,UPI,0.13,2.3,29,433,0.01,0.0,1766.54,93.67,97.42,Q2 FY2016-17
2016,8,IMPS,57.54,3188.77,29,191800,6.33,0.0,5541.84,97.35,97.42,Q2 FY2016-17
2016,8,NEFT,149.74,375845.95,29,499133,16.46,0.0,250999.03,99.59,97.42,Q2 FY2016-17
2016,8,RTGS,92.55,5110627.53,29,308500,10.17,0.0,5522017.86,99.17,97.42,Q2 FY2016-17
2016,8,NACH,194.85,6247.55,29,649500,21.42,0.0,3206.34,92.64,97.42,Q2 FY2016-17
2016,8,AePS,5.42,151.78,29,18067,0.6,0.0,2800.42,87.35,97.42,Q2 FY2016-17
2016,8,Debit_Card,270.24,4294.79,29,900800,29.71,0.0,1589.25,95.79,97.42,Q2 FY2016-17
2016,8,Credit_Card,106.08,4473.86,29,353600,11.66,0.0,4217.44,97.75,97.42,Q2 FY2016-17
2016,8,PPI,31.22,289.97,29,104067,3.43,0.0,928.8,91.83,97.42,Q2 FY2016-17
2016,8,NETC,0.62,0.68,29,2067,0.07,0.0,110.0,91.92,97.42,Q2 FY2016-17
2016,8,BBPS,1.26,22.65,29,4200,0.14,0.0,1797.3,93.54,97.42,Q2 FY2016-17
2016,9,UPI,0.14,2.51,31,467,0.02,0.0,1792.53,92.94,102.61,Q2 FY2016-17
2016,9,IMPS,56.32,3110.93,31,187733,6.17,0.0,5523.66,96.29,102.61,Q2 FY2016-17
2016,9,NEFT,168.95,424515.55,31,563167,18.51,0.0,251266.97,98.67,102.61,Q2 FY2016-17
2016,9,RTGS,98.27,5431916.17,31,327567,10.76,0.0,5527542.66,99.9,102.61,Q2 FY2016-17
2016,9,NACH,187.05,6009.75,31,623500,20.49,0.0,3212.91,91.57,102.61,Q2 FY2016-17
2016,9,AePS,5.42,151.98,31,18067,0.59,0.0,2804.02,89.83,102.61,Q2 FY2016-17
2016,9,Debit_Card,253.49,4070.39,31,844967,27.77,0.0,1605.74,96.61,102.61,Q2 FY2016-17
2016,9,Credit_Card,107.99,4584.38,31,359967,11.83,0.0,4245.19,94.78,102.61,Q2 FY2016-17
2016,9,PPI,33.27,312.4,31,110900,3.64,0.0,938.99,94.53,102.61,Q2 FY2016-17
2016,9,NETC,0.68,0.95,31,2267,0.07,0.0,139.36,92.84,102.61,Q2 FY2016-17
2016,9,BBPS,1.31,24.09,31,4367,0.14,0.0,1838.99,93.68,102.61,Q2 FY2016-17
2016,10,UPI,0.15,2.66,60,500,0.01,0.0,1770.07,95.13,99.91,Q3 FY2016-17
2016,10,IMPS,61.63,3401.53,60,205433,6.07,0.0,5519.27,96.16,99.91,Q3 FY2016-17
2016,10,NEFT,164.63,414081.49,60,548767,16.22,0.0,251522.5,99.85,99.91,Q3 FY2016-17
2016,10,RTGS,99.99,5532530.99,60,333300,9.85,0.0,5533084.3,99.9,99.91,Q3 FY2016-17
2016,10,NACH,233.16,7464.69,60,777200,22.98,0.0,3201.53,92.66,99.91,Q3 FY2016-17
2016,10,AePS,6.21,174.93,60,20700,0.61,0.0,2816.96,89.6,99.91,Q3 FY2016-17
2016,10,Debit_Card,290.85,4641.73,60,969500,28.66,0.0,1595.92,96.98,99.91,Q3 FY2016-17
2016,10,Credit_Card,119.34,5042.66,60,397800,11.76,0.0,4225.46,95.27,99.91,Q3 FY2016-17
2016,10,PPI,36.46,334.18,60,121533,3.59,0.0,916.56,93.98,99.91,Q3 FY2016-17
2016,10,NETC,0.8,0.88,60,2667,0.08,0.0,110.13,90.04,99.91,Q3 FY2016-17
2016,10,BBPS,1.56,28.78,60,5200,0.15,0.0,1845.13,93.98,99.91,Q3 FY2016-17
2016,11,UPI,0.17,2.98,64,567,0.02,0.0,1755.19,95.27,100.57,Q3 FY2016-17
2016,11,IMPS,61.6,3401.26,64,205333,6.11,0.0,5521.52,96.74,100.57,Q3 FY2016-17
2016,11,NEFT,177.14,445994.59,64,590467,17.58,0.0,251775.2,99.9,100.57,Q3 FY2016-17
2016,11,RTGS,100.28,5554106.7,64,334267,9.95,0.0,5538598.62,99.19,100.57,Q3 FY2016-17
2016,11,NACH,229.03,7358.92,64,763433,22.72,0.0,3213.08,93.91,100.57,Q3 FY2016-17
2016,11,AePS,6.15,174.35,64,20500,0.61,0.0,2834.89,89.72,100.57,Q3 FY2016-17
2016,11,Debit_Card,281.23,4516.58,64,937433,27.9,0.0,1606.01,94.19,100.57,Q3 FY2016-17
2016,11,Credit_Card,113.99,4877.84,64,379967,11.31,0.0,4279.18,97.1,100.57,Q3 FY2016-17
2016,11,PPI,36.07,331.62,64,120233,3.58,0.0,919.38,95.1,100.57,Q3 FY2016-17
2016,11,NETC,0.78,0.99,64,2600,0.08,0.0,127.0,89.67,100.57,Q3 FY2016-17
2016,11,BBPS,1.43,26.37,64,4767,0.14,0.0,1844.38,94.19,100.57,Q3 FY2016-17
2016,12,UPI,0.18,3.16,69,600,0.02,0.0,1756.79,95.83,100.98,Q3 FY2016-17
2016,12,IMPS,57.36,3188.07,69,191200,6.09,0.0,5558.0,95.48,100.98,Q3 FY2016-17
2016,12,NEFT,158.58,399627.88,69,528600,16.84,0.0,252003.96,98.83,100.98,Q3 FY2016-17
2016,12,RTGS,89.89,4983622.46,69,299633,9.55,0.0,5544134.45,99.9,100.98,Q3 FY2016-17
2016,12,NACH,209.38,6765.42,69,697933,22.24,0.0,3231.17,91.58,100.98,Q3 FY2016-17
2016,12,AePS,6.1,172.76,69,20333,0.65,0.0,2832.13,88.59,100.98,Q3 FY2016-17
2016,12,Debit_Card,264.54,4258.96,69,881800,28.09,0.0,1609.95,93.69,100.98,Q3 FY2016-17
2016,12,Credit_Card,119.36,5063.48,69,397867,12.68,0.0,4242.19,97.75,100.98,Q3 FY2016-17
2016,12,PPI,34.01,319.27,69,113367,3.61,0.0,938.74,93.57,100.98,Q3 FY2016-17
2016,12,NETC,0.78,1.05,69,2600,0.08,0.0,134.35,91.7,100.98,Q3 FY2016-17
2016,12,BBPS,1.42,25.67,69,4733,0.15,0.0,1807.89,93.61,100.98,Q3 FY2016-17
2017,1,UPI,0.19,3.3,73,633,0.02,0.0,1738.16,95.93,98.85,Q4 FY2016-17
2017,1,IMPS,65.4,3639.04,73,218000,6.77,0.0,5564.28,98.6,98.85,Q4 FY2016-17
2017,1,NEFT,181.41,457645.64,73,604700,18.77,0.0,252271.45,99.9,98.85,Q4 FY2016-17
2017,1,RTGS,102.86,5708400.28,73,342867,10.64,0.0,5549679.45,99.9,98.85,Q4 FY2016-17
2017,1,NACH,201.55,6494.34,73,671833,20.86,0.0,3222.2,93.94,98.85,Q4 FY2016-17
2017,1,AePS,6.26,177.62,73,20867,0.65,0.0,2837.39,89.7,98.85,Q4 FY2016-17
2017,1,Debit_Card,244.86,3983.6,73,816200,25.34,0.0,1626.89,94.61,98.85,Q4 FY2016-17
2017,1,Credit_Card,122.68,5267.2,73,408933,12.7,0.0,4293.45,95.06,98.85,Q4 FY2016-17
2017,1,PPI,38.73,363.54,73,129100,4.01,0.0,938.66,94.69,98.85,Q4 FY2016-17
2017,1,NETC,0.8,0.88,73,2667,0.08,0.0,109.98,92.54,98.85,Q4 FY2016-17
2017,1,BBPS,1.58,28.92,73,5267,0.16,0.0,1830.28,94.25,98.85,Q4 FY2016-17
2017,2,UPI,0.17,3.0,78,567,0.02,0.0,1764.29,93.1,101.77,Q4 FY2016-17
2017,2,IMPS,54.99,3065.18,78,183300,6.1,0.0,5574.06,95.82,101.77,Q4 FY2016-17
2017,2,NEFT,153.95,388769.6,78,513167,17.07,0.0,252529.78,98.83,101.77,Q4 FY2016-17
2017,2,RTGS,88.15,4896937.45,78,293833,9.78,0.0,5555232.5,99.9,101.77,Q4 FY2016-17
2017,2,NACH,211.76,6863.76,78,705867,23.49,0.0,3241.29,91.8,101.77,Q4 FY2016-17
2017,2,AePS,6.72,190.34,78,22400,0.75,0.0,2832.37,88.49,101.77,Q4 FY2016-17
2017,2,Debit_Card,235.75,3799.06,78,785833,26.15,0.0,1611.48,95.72,101.77,Q4 FY2016-17
2017,2,Credit_Card,113.68,4854.18,78,378933,12.61,0.0,4270.04,97.18,101.77,Q4 FY2016-17
2017,2,PPI,34.13,303.16,78,113767,3.79,0.0,888.26,94.94,101.77,Q4 FY2016-17
2017,2,NETC,0.86,1.06,78,2867,0.1,0.0,122.74,92.22,101.77,Q4 FY2016-17
2017,2,BBPS,1.52,28.13,78,5067,0.17,0.0,1850.84,95.55,101.77,Q4 FY2016-17
2017,3,UPI,0.2,3.45,82,667,0.02,0.0,1726.57,94.19,99.19,Q4 FY2016-17
2017,3,IMPS,71.37,3981.32,82,237900,6.82,0.0,5578.42,97.59,99.19,Q4 FY2016-17
2017,3,NEFT,182.21,460590.26,82,607367,17.42,0.0,252779.9,99.9,99.19,Q4 FY2016-17
2017,3,RTGS,101.04,5618627.72,82,336800,9.66,0.0,5560795.45,99.9,99.19,Q4 FY2016-17
2017,3,NACH,245.1,7880.92,82,817000,23.43,0.0,3215.39,91.72,99.19,Q4 FY2016-17
2017,3,AePS,7.59,214.66,82,25300,0.73,0.0,2828.15,88.75,99.19,Q4 FY2016-17
2017,3,Debit_Card,271.0,4400.71,82,903333,25.91,0.0,1623.88,95.35,99.19,Q4 FY2016-17
2017,3,Credit_Card,125.05,5364.47,82,416833,11.95,0.0,4289.86,95.47,99.19,Q4 FY2016-17
2017,3,PPI,39.81,365.61,82,132700,3.81,0.0,918.39,94.87,99.19,Q4 FY2016-17
2017,3,NETC,0.94,1.25,82,3133,0.09,0.0,133.17,90.31,99.19,Q4 FY2016-17
2017,3,BBPS,1.75,31.76,82,5833,0.17,0.0,1815.09,95.02,99.19,Q4 FY2016-17
2017,4,UPI,0.21,3.64,87,700,0.02,110.0,1732.84,94.94,100.8,Q1 FY2017-18
2017,4,IMPS,70.67,3925.11,87,235567,7.18,41.34,5554.14,97.68,100.8,Q1 FY2017-18
2017,4,NEFT,186.55,472001.96,87,621833,18.95,24.37,253016.33,98.79,100.8,Q1 FY2017-18
2017,4,RTGS,101.77,5664895.22,87,339233,10.34,13.08,5566370.46,98.56,100.8,Q1 FY2017-18
2017,4,NACH,213.15,6924.5,87,710500,21.65,18.42,3248.65,93.44,100.8,Q1 FY2017-18
2017,4,AePS,6.79,191.35,87,22633,0.69,35.8,2818.05,88.23,100.8,Q1 FY2017-18
2017,4,Debit_Card,245.22,3939.07,87,817400,24.9,-1.91,1606.34,97.09,100.8,Q1 FY2017-18
2017,4,Credit_Card,118.81,5112.38,87,396033,12.07,18.81,4302.99,94.92,100.8,Q1 FY2017-18
2017,4,PPI,38.8,351.83,87,129333,3.94,29.33,906.79,94.71,100.8,Q1 FY2017-18
2017,4,NETC,1.0,1.2,87,3333,0.1,100.0,119.71,92.54,100.8,Q1 FY2017-18
2017,4,BBPS,1.67,30.96,87,5567,0.17,67.0,1853.73,96.7,100.8,Q1 FY2017-18
2017,5,UPI,0.24,4.13,91,800,0.02,125.35,1720.94,94.99,100.57,Q1 FY2017-18
2017,5,IMPS,73.24,4088.67,91,244133,7.01,42.91,5582.56,97.08,100.57,Q1 FY2017-18
2017,5,NEFT,185.31,469343.24,91,617700,17.75,21.71,253274.64,98.92,100.57,Q1 FY2017-18
2017,5,RTGS,103.32,5756901.21,91,344400,9.9,13.89,5571913.68,99.56,100.57,Q1 FY2017-18
2017,5,NACH,227.16,7343.45,91,757200,21.76,23.97,3232.72,91.88,100.57,Q1 FY2017-18
2017,5,AePS,7.73,219.4,91,25767,0.74,50.1,2838.23,87.24,100.57,Q1 FY2017-18
2017,5,Debit_Card,268.79,4328.0,91,895967,25.74,6.98,1610.18,96.19,100.57,Q1 FY2017-18
2017,5,Credit_Card,134.12,5797.89,91,447067,12.85,31.75,4322.91,94.98,100.57,Q1 FY2017-18
2017,5,PPI,41.36,379.74,91,137867,3.96,34.9,918.14,93.66,100.57,Q1 FY2017-18
2017,5,NETC,1.0,1.18,91,3333,0.1,89.57,118.2,90.48,100.57,Q1 FY2017-18
2017,5,BBPS,1.81,33.35,91,6033,0.17,72.38,1842.57,96.43,100.57,Q1 FY2017-18
2017,6,UPI,0.25,4.32,96,833,0.02,120.41,1727.7,94.89,100.5,Q1 FY2017-18
2017,6,IMPS,74.68,4156.93,96,248933,7.13,42.16,5566.32,96.05,100.5,Q1 FY2017-18
2017,6,NEFT,192.61,488305.39,96,642033,18.38,24.64,253520.27,98.08,100.5,Q1 FY2017-18
2017,6,RTGS,98.7,5504988.5,96,329000,9.42,7.93,5577495.95,99.9,100.5,Q1 FY2017-18
2017,6,NACH,212.8,6897.42,96,709333,20.31,14.08,3241.27,91.36,100.5,Q1 FY2017-18
2017,6,AePS,7.38,209.46,96,24600,0.7,39.13,2838.15,87.23,100.5,Q1 FY2017-18
2017,6,Debit_Card,278.95,4539.74,96,929833,26.62,10.47,1627.44,93.87,100.5,Q1 FY2017-18
2017,6,Credit_Card,135.63,5849.42,96,452100,12.95,30.88,4312.78,96.76,100.5,Q1 FY2017-18
2017,6,PPI,43.64,391.52,96,145467,4.17,39.27,897.16,94.03,100.5,Q1 FY2017-18
2017,6,NETC,1.04,1.11,96,3467,0.1,86.88,107.12,91.4,100.5,Q1 FY2017-18
2017,6,BBPS,2.06,37.58,96,6867,0.2,86.85,1824.08,94.61,100.5,Q1 FY2017-18
2017,7,UPI,0.25,4.32,100,833,0.02,106.96,1726.68,95.53,98.27,Q2 FY2017-18
2017,7,IMPS,75.44,4216.45,100,251467,7.27,40.11,5589.15,97.94,98.27,Q2 FY2017-18
2017,7,NEFT,183.91,466753.19,100,613033,17.73,17.25,253794.35,98.7,98.27,Q2 FY2017-18
2017,7,RTGS,105.52,5891245.79,100,351733,10.17,14.48,5583060.83,99.13,98.27,Q2 FY2017-18
2017,7,NACH,247.72,8009.75,100,825733,23.88,30.45,3233.39,93.14,98.27,Q2 FY2017-18
2017,7,AePS,7.48,212.79,100,24933,0.72,36.91,2844.85,87.56,98.27,Q2 FY2017-18
2017,7,Debit_Card,251.4,4103.23,100,838000,24.23,-0.93,1632.15,96.48,98.27,Q2 FY2017-18
2017,7,Credit_Card,120.63,5196.56,100,402100,11.63,14.34,4307.85,96.93,98.27,Q2 FY2017-18
2017,7,PPI,41.84,394.24,100,139467,4.03,30.65,942.26,92.2,98.27,Q2 FY2017-18
2017,7,NETC,1.21,1.63,100,4033,0.12,106.09,134.58,93.18,98.27,Q2 FY2017-18
2017,7,BBPS,2.03,37.17,100,6767,0.2,75.36,1831.25,93.39,98.27,Q2 FY2017-18
2017,8,UPI,0.28,4.76,105,933,0.03,117.65,1700.36,96.26,98.87,Q2 FY2017-18
2017,8,IMPS,79.67,4461.5,105,265567,7.57,44.35,5599.97,96.54,98.87,Q2 FY2017-18
2017,8,NEFT,187.2,475539.07,105,624000,17.78,17.58,254027.28,99.32,98.87,Q2 FY2017-18
2017,8,RTGS,105.75,5910011.47,105,352500,10.04,13.81,5588663.33,99.81,98.87,Q2 FY2017-18
2017,8,NACH,223.22,7289.41,105,744067,21.2,15.47,3265.57,93.7,98.87,Q2 FY2017-18
2017,8,AePS,8.27,233.99,105,27567,0.79,46.96,2829.36,90.18,98.87,Q2 FY2017-18
2017,8,Debit_Card,276.28,4506.73,105,920933,26.24,8.33,1631.22,96.72,98.87,Q2 FY2017-18
2017,8,Credit_Card,124.56,5416.95,105,415200,11.83,15.98,4348.87,96.34,98.87,Q2 FY2017-18
2017,8,PPI,44.35,418.34,105,147833,4.21,35.51,943.26,95.2,98.87,Q2 FY2017-18
2017,8,NETC,1.24,1.4,105,4133,0.12,100.19,112.74,92.65,98.87,Q2 FY2017-18
2017,8,BBPS,2.22,41.31,105,7400,0.21,82.64,1860.76,95.01,98.87,Q2 FY2017-18
2017,9,UPI,0.3,5.17,109,1000,0.03,118.96,1724.41,93.48,99.61,Q2 FY2017-18
2017,9,IMPS,73.26,4089.92,109,244200,6.87,29.5,5582.74,98.13,99.61,Q2 FY2017-18
2017,9,NEFT,204.08,518930.09,109,680267,19.15,26.29,254277.78,99.9,99.61,Q2 FY2017-18
2017,9,RTGS,108.51,6070331.31,109,361700,10.18,15.86,5594259.8,99.61,99.61,Q2 FY2017-18
2017,9,NACH,227.65,7365.02,109,758833,21.36,15.68,3235.24,94.16,99.61,Q2 FY2017-18
2017,9,AePS,8.77,248.31,109,29233,0.82,51.3,2831.41,89.36,99.61,Q2 FY2017-18
2017,9,Debit_Card,260.97,4245.88,109,869900,24.49,1.82,1626.96,96.49,99.61,Q2 FY2017-18
2017,9,Credit_Card,134.66,5866.52,109,448867,12.64,23.17,4356.54,97.1,99.61,Q2 FY2017-18
2017,9,PPI,44.2,411.3,109,147333,4.15,32.14,930.54,94.62,99.61,Q2 FY2017-18
2017,9,NETC,1.22,1.29,109,4067,0.11,86.69,105.78,90.62,99.61,Q2 FY2017-18
2017,9,BBPS,2.12,39.72,109,7067,0.2,66.11,1873.7,94.41,99.61,Q2 FY2017-18
2017,10,UPI,0.33,5.63,114,1100,0.03,126.16,1706.67,95.53,100.49,Q3 FY2017-18
2017,10,IMPS,84.64,4729.05,114,282133,7.31,45.97,5587.25,96.12,100.49,Q3 FY2017-18
2017,10,NEFT,209.26,532645.84,114,697533,18.08,27.58,254537.82,99.9,100.49,Q3 FY2017-18
2017,10,RTGS,116.61,6530002.66,114,388700,10.08,23.52,5599865.07,99.9,100.49,Q3 FY2017-18
2017,10,NACH,260.76,8473.16,114,869200,22.53,30.16,3249.41,91.21,100.49,Q3 FY2017-18
2017,10,AePS,9.49,269.38,114,31633,0.82,58.95,2838.6,87.66,100.49,Q3 FY2017-18
2017,10,Debit_Card,284.53,4598.63,114,948433,24.58,10.46,1616.22,93.91,100.49,Q3 FY2017-18
2017,10,Credit_Card,142.97,6227.56,114,476567,12.35,28.46,4355.85,95.82,100.49,Q3 FY2017-18
2017,10,PPI,45.03,432.92,114,150100,3.89,31.73,961.41,93.8,100.49,Q3 FY2017-18
2017,10,NETC,1.35,1.76,114,4500,0.12,95.82,130.08,90.3,100.49,Q3 FY2017-18
2017,10,BBPS,2.44,46.07,114,8133,0.21,82.08,1888.02,95.08,100.49,Q3 FY2017-18
2017,11,UPI,0.35,5.89,118,1167,0.03,125.23,1682.27,93.4,102.24,Q3 FY2017-18
2017,11,IMPS,83.52,4683.77,118,278400,7.3,40.52,5607.96,96.44,102.24,Q3 FY2017-18
2017,11,NEFT,207.0,527462.39,118,690000,18.08,24.34,254812.75,98.49,102.24,Q3 FY2017-18
2017,11,RTGS,104.39,5851535.97,118,347967,9.12,9.7,5605456.43,99.9,102.24,Q3 FY2017-18
2017,11,NACH,246.22,8058.73,118,820733,21.51,20.73,3272.98,91.67,102.24,Q3 FY2017-18
2017,11,AePS,9.86,281.46,118,32867,0.86,60.34,2854.58,88.46,102.24,Q3 FY2017-18
2017,11,Debit_Card,287.56,4682.57,118,958533,25.12,11.08,1628.38,96.89,102.24,Q3 FY2017-18
2017,11,Credit_Card,154.96,6805.7,118,516533,13.54,36.77,4391.91,95.95,102.24,Q3 FY2017-18
2017,11,PPI,46.87,441.55,118,156233,4.09,34.16,942.08,94.01,102.24,Q3 FY2017-18
2017,11,NETC,1.35,1.78,118,4500,0.12,85.61,131.9,93.2,102.24,Q3 FY2017-18
2017,11,BBPS,2.71,50.19,118,9033,0.24,92.59,1852.11,94.12,102.24,Q3 FY2017-18
2017,12,UPI,0.33,5.62,123,1100,0.03,99.4,1702.52,96.13,100.96,Q3 FY2017-18
2017,12,IMPS,77.65,4365.92,123,258833,7.17,27.46,5622.56,97.59,100.96,Q3 FY2017-18
2017,12,NEFT,188.29,480241.61,123,627633,17.38,11.43,255054.23,99.9,100.96,Q3 FY2017-18
2017,12,RTGS,97.15,5451133.42,123,323833,8.97,1.28,5611048.3,99.9,100.96,Q3 FY2017-18
2017,12,NACH,255.14,8344.4,123,850467,23.55,22.89,3270.52,94.08,100.96,Q3 FY2017-18
2017,12,AePS,9.17,263.14,123,30567,0.85,44.78,2869.6,87.15,100.96,Q3 FY2017-18
2017,12,Debit_Card,267.0,4322.57,123,890000,24.64,2.62,1618.94,94.98,100.96,Q3 FY2017-18
2017,12,Credit_Card,136.74,5997.65,123,455800,12.62,18.55,4386.17,96.89,100.96,Q3 FY2017-18
2017,12,PPI,47.89,442.51,123,159633,4.42,34.13,924.01,92.34,100.96,Q3 FY2017-18
2017,12,NETC,1.51,1.96,123,5033,0.14,96.78,129.97,92.35,100.96,Q3 FY2017-18
2017,12,BBPS,2.63,49.97,123,8767,0.24,78.01,1899.95,95.15,100.96,Q3 FY2017-18
2018,1,UPI,0.35,5.94,127,1167,0.03,98.57,1696.83,93.86,99.96,Q4 FY2017-18
2018,1,IMPS,77.8,4355.45,127,259333,6.77,24.59,5598.27,98.07,99.96,Q4 FY2017-18
2018,1,NEFT,202.83,517828.34,127,676100,17.66,18.26,255301.65,99.9,99.96,Q4 FY2017-18
2018,1,RTGS,103.37,5805961.07,127,344567,9.0,6.91,5616678.99,99.36,99.96,Q4 FY2017-18
2018,1,NACH,251.35,8222.39,127,837833,21.89,18.93,3271.29,93.14,99.96,Q4 FY2017-18
2018,1,AePS,8.69,248.45,127,28967,0.76,33.2,2859.06,87.24,99.96,Q4 FY2017-18
2018,1,Debit_Card,298.12,4852.98,127,993733,25.96,14.01,1627.86,95.09,99.96,Q4 FY2017-18
2018,1,Credit_Card,153.26,6728.39,127,510867,13.35,30.53,4390.18,97.92,99.96,Q4 FY2017-18
2018,1,PPI,47.95,445.14,127,159833,4.18,31.4,928.35,94.35,99.96,Q4 FY2017-18
2018,1,NETC,1.65,1.88,127,5500,0.14,103.82,114.07,93.23,99.96,Q4 FY2017-18
2018,1,BBPS,3.01,57.07,127,10033,0.26,94.03,1895.95,95.35,99.96,Q4 FY2017-18
2018,2,UPI,0.36,6.1,132,1200,0.03,91.78,1695.13,95.13,99.73,Q4 FY2017-18
2018,2,IMPS,77.79,4381.66,132,259300,7.1,21.54,5632.68,96.15,99.73,Q4 FY2017-18
2018,2,NEFT,208.13,531897.26,132,693767,19.0,19.56,255560.11,99.9,99.73,Q4 FY2017-18
2018,2,RTGS,98.21,5521637.79,132,327367,8.96,0.76,5622276.54,99.9,99.73,Q4 FY2017-18
2018,2,NACH,248.44,8089.21,132,828133,22.67,15.47,3256.0,94.35,99.73,Q4 FY2017-18
2018,2,AePS,9.61,275.48,132,32033,0.88,43.01,2866.61,87.78,99.73,Q4 FY2017-18
2018,2,Debit_Card,266.01,4314.44,132,886700,24.28,1.23,1621.91,95.87,99.73,Q4 FY2017-18
2018,2,Credit_Card,138.64,6088.89,132,462133,12.65,15.99,4391.87,95.27,99.73,Q4 FY2017-18
2018,2,PPI,44.41,430.77,132,148033,4.05,19.08,969.98,95.14,99.73,Q4 FY2017-18
2018,2,NETC,1.43,1.73,132,4767,0.13,67.43,121.13,90.35,99.73,Q4 FY2017-18
2018,2,BBPS,2.66,50.56,132,8867,0.24,63.3,1900.81,95.18,99.73,Q4 FY2017-18
2018,3,UPI,0.45,7.52,136,1500,0.04,125.1,1670.86,95.73,101.3,Q4 FY2017-18
2018,3,IMPS,90.13,5069.36,136,300433,7.17,37.38,5624.5,98.73,101.3,Q4 FY2017-18
2018,3,NEFT,235.92,603516.39,136,786400,18.78,33.52,255814.0,99.9,101.3,Q4 FY2017-18
2018,3,RTGS,123.39,6944256.68,136,411300,9.82,25.59,5627892.6,99.8,101.3,Q4 FY2017-18
2018,3,NACH,275.8,9040.42,136,919333,21.95,25.92,3277.89,94.46,101.3,Q4 FY2017-18
2018,3,AePS,10.55,302.23,136,35167,0.84,52.43,2864.7,87.48,101.3,Q4 FY2017-18
2018,3,Debit_Card,291.68,4779.91,136,972267,23.22,10.44,1638.75,95.17,101.3,Q4 FY2017-18
2018,3,Credit_Card,170.56,7505.71,136,568533,13.58,40.17,4400.63,96.86,101.3,Q4 FY2017-18
2018,3,PPI,52.53,493.59,136,175100,4.18,37.82,939.64,93.09,101.3,Q4 FY2017-18
2018,3,NETC,1.93,2.13,136,6433,0.15,114.2,110.34,92.4,101.3,Q4 FY2017-18
2018,3,BBPS,3.45,65.17,136,11500,0.27,101.71,1888.96,94.28,101.3,Q4 FY2017-18
2018,4,UPI,0.42,7.05,141,1400,0.03,97.27,1678.38,96.02,102.85,Q1 FY2018-19
2018,4,IMPS,93.98,5308.46,141,313267,7.65,39.76,5648.5,97.02,102.85,Q1 FY2018-19
2018,4,NEFT,221.47,567119.45,141,738233,18.02,23.49,256070.55,99.78,102.85,Q1 FY2018-19
2018,4,RTGS,114.4,6444767.57,141,381333,9.31,15.52,5633538.09,99.9,102.85,Q1 FY2018-19
2018,4,NACH,271.16,8904.57,141,903867,22.07,21.61,3283.88,91.52,102.85,Q1 FY2018-19
2018,4,AePS,10.43,299.0,141,34767,0.85,46.31,2866.76,90.37,102.85,Q1 FY2018-19
2018,4,Debit_Card,296.25,4835.96,141,987500,24.11,11.62,1632.39,96.4,102.85,Q1 FY2018-19
2018,4,Credit_Card,165.25,7296.28,141,550833,13.45,33.4,4415.3,97.96,102.85,Q1 FY2018-19
2018,4,PPI,50.54,487.89,141,168467,4.11,29.75,965.35,94.99,102.85,Q1 FY2018-19
2018,4,NETC,1.67,1.97,141,5567,0.14,75.68,118.11,91.09,102.85,Q1 FY2018-19
2018,4,BBPS,3.23,61.42,141,10767,0.26,79.86,1901.54,96.14,102.85,Q1 FY2018-19
2018,5,UPI,0.45,7.55,145,1500,0.04,98.46,1677.51,96.16,104.65,Q1 FY2018-19
2018,5,IMPS,86.3,4850.92,145,287667,7.04,25.21,5621.0,98.29,104.65,Q1 FY2018-19
2018,5,NEFT,222.21,569562.69,145,740700,18.14,22.07,256317.31,99.51,104.65,Q1 FY2018-19
2018,5,RTGS,117.24,6611337.75,145,390800,9.57,17.45,5639148.54,99.9,104.65,Q1 FY2018-19
2018,5,NACH,303.55,9967.37,145,1011833,24.78,33.73,3283.6,93.77,104.65,Q1 FY2018-19
2018,5,AePS,10.88,310.91,145,36267,0.89,48.18,2857.65,87.28,104.65,Q1 FY2018-19
2018,5,Debit_Card,280.21,4638.37,145,934033,22.87,5.05,1655.32,96.17,104.65,Q1 FY2018-19
2018,5,Credit_Card,146.17,6430.85,145,487233,11.93,15.91,4399.57,98.19,104.65,Q1 FY2018-19
2018,5,PPI,52.79,488.14,145,175967,4.31,32.61,924.68,93.61,104.65,Q1 FY2018-19
2018,5,NETC,2.02,2.29,145,6733,0.16,101.42,113.2,90.89,104.65,Q1 FY2018-19
2018,5,BBPS,3.36,62.59,145,11200,0.27,78.19,1862.76,96.32,104.65,Q1 FY2018-19
2018,6,UPI,0.53,8.82,150,1767,0.04,119.47,1664.07,93.85,106.05,Q1 FY2018-19
2018,6,IMPS,89.82,5072.75,150,299400,7.4,27.14,5647.68,97.53,106.05,Q1 FY2018-19
2018,6,NEFT,218.85,561572.62,150,729500,18.04,18.45,256601.61,99.25,106.05,Q1 FY2018-19
2018,6,RTGS,107.98,6095277.72,150,359933,8.9,7.31,5644821.0,99.9,106.05,Q1 FY2018-19
2018,6,NACH,290.24,9506.03,150,967467,23.92,25.61,3275.23,93.0,106.05,Q1 FY2018-19
2018,6,AePS,11.02,317.5,150,36733,0.91,45.71,2881.15,89.63,106.05,Q1 FY2018-19
2018,6,Debit_Card,281.17,4566.45,150,937233,23.17,4.88,1624.09,96.14,106.05,Q1 FY2018-19
2018,6,Credit_Card,152.66,6753.3,150,508867,12.58,18.92,4423.75,98.18,106.05,Q1 FY2018-19
2018,6,PPI,55.74,521.26,150,185800,4.59,37.0,935.16,94.82,106.05,Q1 FY2018-19
2018,6,NETC,1.91,2.43,150,6367,0.16,80.52,127.44,91.25,106.05,Q1 FY2018-19
2018,6,BBPS,3.49,66.46,150,11633,0.29,76.27,1904.17,95.69,106.05,Q1 FY2018-19
2018,7,UPI,0.57,9.41,154,1900,0.04,121.63,1651.55,95.66,105.95,Q2 FY2018-19
2018,7,IMPS,99.87,5630.14,154,332900,7.86,37.91,5637.47,96.0,105.95,Q2 FY2018-19
2018,7,NEFT,236.36,607067.17,154,787867,18.61,26.04,256840.06,99.9,105.95,Q2 FY2018-19
2018,7,RTGS,113.89,6435295.14,154,379633,8.97,12.29,5650447.92,99.9,105.95,Q2 FY2018-19
2018,7,NACH,310.19,10238.6,154,1033967,24.42,31.87,3300.75,91.94,105.95,Q2 FY2018-19
2018,7,AePS,11.37,328.55,154,37900,0.9,45.96,2889.58,88.73,105.95,Q2 FY2018-19
2018,7,Debit_Card,277.29,4592.01,154,924300,21.83,2.92,1656.03,96.65,105.95,Q2 FY2018-19
2018,7,Credit_Card,160.35,7092.47,154,534500,12.62,22.7,4423.12,95.44,105.95,Q2 FY2018-19
2018,7,PPI,54.68,534.58,154,182267,4.3,31.51,977.66,92.53,105.95,Q2 FY2018-19
2018,7,NETC,2.2,3.12,154,7333,0.17,97.09,141.94,93.05,105.95,Q2 FY2018-19
2018,7,BBPS,3.49,66.77,154,11633,0.27,67.87,1913.22,96.97,105.95,Q2 FY2018-19
2018,8,UPI,0.61,10.0,159,2033,0.05,122.71,1639.1,93.88,108.95,Q2 FY2018-19
2018,8,IMPS,97.68,5506.32,159,325600,7.65,31.6,5637.1,98.65,108.95,Q2 FY2018-19
2018,8,NEFT,238.17,612329.78,159,793900,18.65,25.12,257097.78,99.9,108.95,Q2 FY2018-19
2018,8,RTGS,103.75,5868189.21,159,345833,8.12,1.48,5656085.99,99.08,108.95,Q2 FY2018-19
2018,8,NACH,298.36,9857.13,159,994533,23.36,24.6,3303.77,94.24,108.95,Q2 FY2018-19
2018,8,AePS,11.36,326.21,159,37867,0.89,41.58,2871.56,88.49,108.95,Q2 FY2018-19
2018,8,Debit_Card,295.42,4818.3,159,984733,23.13,9.1,1631.0,97.37,108.95,Q2 FY2018-19
2018,8,Credit_Card,169.34,7501.63,159,564467,13.26,27.29,4429.92,96.78,108.95,Q2 FY2018-19
2018,8,PPI,55.92,518.73,159,186400,4.38,31.59,927.62,95.17,108.95,Q2 FY2018-19
2018,8,NETC,2.35,2.56,159,7833,0.18,99.55,108.83,91.65,108.95,Q2 FY2018-19
2018,8,BBPS,4.2,80.38,159,14000,0.33,92.41,1913.8,96.16,108.95,Q2 FY2018-19
2018,9,UPI,0.61,10.17,163,2033,0.05,109.12,1667.83,96.07,110.1,Q2 FY2018-19
2018,9,IMPS,106.29,6000.85,163,354300,8.47,39.71,5645.73,97.98,110.1,Q2 FY2018-19
2018,9,NEFT,218.23,561624.07,163,727433,17.4,12.95,257354.2,99.9,110.1,Q2 FY2018-19
2018,9,RTGS,111.85,6332664.67,163,372833,8.92,8.53,5661747.58,99.9,110.1,Q2 FY2018-19
2018,9,NACH,282.59,9273.76,163,941967,22.53,15.92,3281.7,91.51,110.1,Q2 FY2018-19
2018,9,AePS,11.76,340.6,163,39200,0.94,42.3,2896.27,88.67,110.1,Q2 FY2018-19
2018,9,Debit_Card,284.66,4707.05,163,948867,22.69,4.61,1653.57,96.33,110.1,Q2 FY2018-19
2018,9,Credit_Card,179.88,8016.12,163,599600,14.34,32.82,4456.37,95.15,110.1,Q2 FY2018-19
2018,9,PPI,52.17,506.52,163,173900,4.16,20.13,970.9,92.93,110.1,Q2 FY2018-19
2018,9,NETC,2.31,2.51,163,7700,0.18,85.93,108.57,92.06,110.1,Q2 FY2018-19
2018,9,BBPS,4.08,76.76,163,13600,0.33,78.01,1881.49,96.26,110.1,Q2 FY2018-19
2018,10,UPI,0.68,11.23,168,2267,0.05,118.88,1651.3,93.19,106.95,Q3 FY2018-19
2018,10,IMPS,119.97,6775.92,168,399900,8.45,53.84,5648.01,98.36,106.95,Q3 FY2018-19
2018,10,NEFT,246.27,634389.77,168,820900,17.35,25.58,257599.29,99.43,106.95,Q3 FY2018-19
2018,10,RTGS,116.49,6601956.53,168,388300,8.2,12.14,5667401.95,99.08,106.95,Q3 FY2018-19
2018,10,NACH,353.27,11682.89,168,1177567,24.88,42.36,3307.07,92.94,106.95,Q3 FY2018-19
2018,10,AePS,12.06,349.14,168,40200,0.85,41.68,2895.06,88.77,106.95,Q3 FY2018-19
2018,10,Debit_Card,331.56,5503.3,168,1105200,23.35,21.24,1659.82,95.9,106.95,Q3 FY2018-19
2018,10,Credit_Card,173.96,7716.85,168,579867,12.25,26.18,4435.99,96.86,106.95,Q3 FY2018-19
2018,10,PPI,58.56,575.25,168,195200,4.12,31.94,982.32,92.25,106.95,Q3 FY2018-19
2018,10,NETC,2.58,3.48,168,8600,0.18,96.84,134.98,93.13,106.95,Q3 FY2018-19
2018,10,BBPS,4.42,84.53,168,14733,0.31,83.66,1912.48,95.2,106.95,Q3 FY2018-19
2018,11,UPI,0.69,11.35,172,2300,0.05,108.55,1645.24,95.04,112.8,Q3 FY2018-19
2018,11,IMPS,112.5,6374.35,172,375000,8.32,40.74,5666.09,99.1,112.8,Q3 FY2018-19
2018,11,NEFT,245.94,634202.03,172,819800,18.2,23.56,257868.6,99.9,112.8,Q3 FY2018-19
2018,11,RTGS,124.58,7067531.3,172,415267,9.22,18.97,5673086.61,99.27,112.8,Q3 FY2018-19
2018,11,NACH,328.07,10855.08,172,1093567,24.27,29.86,3308.77,94.1,112.8,Q3 FY2018-19
2018,11,AePS,13.99,404.89,172,46633,1.04,59.57,2894.15,89.81,112.8,Q3 FY2018-19
2018,11,Debit_Card,285.48,4736.63,172,951600,21.12,3.87,1659.18,94.87,112.8,Q3 FY2018-19
2018,11,Credit_Card,170.3,7604.68,172,567667,12.6,21.34,4465.46,95.92,112.8,Q3 FY2018-19
2018,11,PPI,62.91,596.29,172,209700,4.65,38.69,947.84,93.71,112.8,Q3 FY2018-19
2018,11,NETC,2.57,3.09,172,8567,0.19,85.85,120.42,90.45,112.8,Q3 FY2018-19
2018,11,BBPS,4.59,87.7,172,15300,0.34,81.64,1910.62,95.95,112.8,Q3 FY2018-19
2018,12,UPI,0.71,11.56,177,2367,0.05,101.5,1628.19,93.57,110.58,Q3 FY2018-19
2018,12,IMPS,117.65,6674.17,177,392167,8.82,43.6,5672.9,97.97,110.58,Q3 FY2018-19
2018,12,NEFT,224.82,580339.69,177,749400,16.85,11.28,258135.26,99.9,110.58,Q3 FY2018-19
2018,12,RTGS,122.3,6945128.76,177,407667,9.17,15.87,5678764.32,99.9,110.58,Q3 FY2018-19
2018,12,NACH,297.83,9852.28,177,992767,22.33,15.81,3308.02,92.37,110.58,Q3 FY2018-19
2018,12,AePS,12.04,348.45,177,40133,0.9,33.33,2894.12,87.88,110.58,Q3 FY2018-19
2018,12,Debit_Card,304.47,5048.93,177,1014900,22.82,10.23,1658.27,94.92,110.58,Q3 FY2018-19
2018,12,Credit_Card,185.81,8275.61,177,619367,13.93,30.05,4453.8,98.1,110.58,Q3 FY2018-19
2018,12,PPI,60.74,577.93,177,202467,4.55,31.02,951.48,94.81,110.58,Q3 FY2018-19
2018,12,NETC,2.81,3.56,177,9367,0.21,92.61,126.86,92.97,110.58,Q3 FY2018-19
2018,12,BBPS,4.81,93.29,177,16033,0.36,81.28,1939.55,97.05,110.58,Q3 FY2018-19
2019,1,UPI,0.81,13.32,181,2700,0.06,115.85,1644.89,95.14,114.58,Q4 FY2018-19
2019,1,IMPS,115.52,6562.08,181,385067,8.53,37.56,5680.47,96.16,114.58,Q4 FY2018-19
2019,1,NEFT,226.59,585482.96,181,755300,16.72,10.5,258388.7,98.47,114.58,Q4 FY2018-19
2019,1,RTGS,125.11,7111807.99,181,417033,9.23,17.59,5684444.08,99.71,114.58,Q4 FY2018-19
2019,1,NACH,341.4,11280.2,181,1138000,25.2,30.4,3304.1,92.35,114.58,Q4 FY2018-19
2019,1,AePS,12.77,368.89,181,42567,0.94,37.29,2888.7,89.69,114.58,Q4 FY2018-19
2019,1,Debit_Card,279.66,4655.58,181,932200,20.64,0.74,1664.73,96.15,114.58,Q4 FY2018-19
2019,1,Credit_Card,186.01,8298.56,181,620033,13.73,27.89,4461.35,95.34,114.58,Q4 FY2018-19
2019,1,PPI,59.64,561.09,181,198800,4.4,25.88,940.79,94.32,114.58,Q4 FY2018-19
2019,1,NETC,2.85,3.73,181,9500,0.21,85.17,130.98,91.11,114.58,Q4 FY2018-19
2019,1,BBPS,4.61,89.08,181,15367,0.34,65.47,1932.4,95.36,114.58,Q4 FY2018-19
2019,2,UPI,0.76,12.2,186,2533,0.06,90.16,1605.51,94.23,113.67,Q4 FY2018-19
2019,2,IMPS,112.05,6362.84,186,373500,8.89,30.17,5678.57,96.16,113.67,Q4 FY2018-19
2019,2,NEFT,217.13,561567.62,186,723767,17.23,4.32,258631.98,99.53,113.67,Q4 FY2018-19
2019,2,RTGS,108.51,6174326.4,186,361700,8.61,1.18,5690098.98,99.9,113.67,Q4 FY2018-19
2019,2,NACH,296.38,9773.55,186,987933,23.52,11.21,3297.64,92.51,113.67,Q4 FY2018-19
2019,2,AePS,13.07,379.67,186,43567,1.04,36.42,2904.93,88.93,113.67,Q4 FY2018-19
2019,2,Debit_Card,274.88,4586.76,186,916267,21.82,-1.47,1668.64,97.0,113.67,Q4 FY2018-19
2019,2,Credit_Card,175.13,7827.52,186,583767,13.9,18.28,4469.55,98.2,113.67,Q4 FY2018-19
2019,2,PPI,54.22,507.39,186,180733,4.3,11.97,935.8,92.25,113.67,Q4 FY2018-19
2019,2,NETC,2.82,3.98,186,9400,0.22,73.67,140.99,93.2,113.67,Q4 FY2018-19
2019,2,BBPS,4.96,95.78,186,16533,0.39,69.56,1931.07,95.69,113.67,Q4 FY2018-19
2019,3,UPI,0.95,15.43,190,3167,0.06,123.19,1623.88,95.03,116.65,Q4 FY2018-19
2019,3,IMPS,118.04,6718.41,190,393467,7.9,33.79,5691.64,96.79,116.65,Q4 FY2018-19
2019,3,NEFT,247.21,640011.81,190,824033,16.55,17.02,258893.98,99.57,116.65,Q4 FY2018-19
2019,3,RTGS,122.55,6980197.4,190,408500,8.2,13.36,5695795.51,99.9,116.65,Q4 FY2018-19
2019,3,NACH,373.42,12317.22,190,1244733,25.0,37.63,3298.49,92.98,116.65,Q4 FY2018-19
2019,3,AePS,15.2,443.22,190,50667,1.02,54.03,2915.92,88.42,116.65,Q4 FY2018-19
2019,3,Debit_Card,332.31,5536.48,190,1107700,22.25,18.52,1666.06,97.07,116.65,Q4 FY2018-19
2019,3,Credit_Card,211.21,9553.28,190,704033,14.14,40.12,4523.12,96.03,116.65,Q4 FY2018-19
2019,3,PPI,63.62,600.56,190,212067,4.26,28.56,943.98,92.89,116.65,Q4 FY2018-19
2019,3,NETC,3.64,4.67,190,12133,0.24,112.48,128.37,92.86,116.65,Q4 FY2018-19
2019,3,BBPS,5.61,108.82,190,18700,0.38,82.65,1939.71,94.32,116.65,Q4 FY2018-19
2019,4,UPI,0.96,15.34,195,3200,0.07,111.78,1598.2,94.77,118.41,Q1 FY2019-20
2019,4,IMPS,126.58,7206.98,195,421933,8.6,39.97,5693.62,96.68,118.41,Q1 FY2019-20
2019,4,NEFT,267.03,691985.68,195,890100,18.15,24.53,259141.55,99.9,118.41,Q1 FY2019-20
2019,4,RTGS,118.92,6780220.24,195,396400,8.08,9.13,5701497.01,99.9,118.41,Q1 FY2019-20
2019,4,NACH,365.35,12054.76,195,1217833,24.83,32.28,3299.51,94.13,118.41,Q1 FY2019-20
2019,4,AePS,14.64,422.46,195,48800,0.99,44.04,2885.65,90.24,118.41,Q1 FY2019-20
2019,4,Debit_Card,305.65,5113.0,195,1018833,20.77,8.47,1672.83,96.37,118.41,Q1 FY2019-20
2019,4,Credit_Card,193.86,8750.16,195,646200,13.17,26.34,4513.65,96.84,118.41,Q1 FY2019-20
2019,4,PPI,69.5,674.41,195,231667,4.72,37.42,970.38,94.99,118.41,Q1 FY2019-20
2019,4,NETC,3.51,4.92,195,11700,0.24,94.21,140.23,91.79,118.41,Q1 FY2019-20
2019,4,BBPS,5.47,106.82,195,18233,0.37,69.61,1952.83,96.0,118.41,Q1 FY2019-20
2019,5,UPI,1.02,16.4,199,3400,0.07,111.28,1608.2,95.07,117.1,Q1 FY2019-20
2019,5,IMPS,117.7,6701.32,199,392333,8.19,26.97,5693.56,97.04,117.1,Q1 FY2019-20
2019,5,NEFT,241.98,627719.76,199,806600,16.84,11.18,259409.77,99.87,117.1,Q1 FY2019-20
2019,5,RTGS,113.19,6459979.27,199,377300,7.88,3.05,5707199.64,99.9,117.1,Q1 FY2019-20
2019,5,NACH,370.53,12346.54,199,1235100,25.79,31.78,3332.13,93.51,117.1,Q1 FY2019-20
2019,5,AePS,14.55,420.22,199,48500,1.01,38.98,2888.12,87.57,117.1,Q1 FY2019-20
2019,5,Debit_Card,310.98,5185.31,199,1036600,21.65,9.81,1667.41,95.23,117.1,Q1 FY2019-20
2019,5,Credit_Card,193.63,8782.44,199,645433,13.48,23.96,4535.68,97.54,117.1,Q1 FY2019-20
2019,5,PPI,63.6,631.83,199,212000,4.43,23.04,993.44,95.3,117.1,Q1 FY2019-20
2019,5,NETC,3.48,4.1,199,11600,0.24,82.51,117.86,92.28,117.1,Q1 FY2019-20
2019,5,BBPS,6.02,115.38,199,20067,0.42,77.77,1916.59,94.96,117.1,Q1 FY2019-20
2019,6,UPI,1.13,18.23,204,3767,0.08,119.78,1613.21,95.1,122.4,Q1 FY2019-20
2019,6,IMPS,125.58,7181.61,204,418600,8.44,32.17,5718.75,97.24,122.4,Q1 FY2019-20
2019,6,NEFT,268.14,696285.44,204,893800,18.02,21.38,259672.35,99.73,122.4,Q1 FY2019-20
2019,6,RTGS,130.36,7447337.12,204,434533,8.76,17.74,5712900.52,99.81,122.4,Q1 FY2019-20
2019,6,NACH,343.76,11487.7,204,1145867,23.1,20.1,3341.78,92.96,122.4,Q1 FY2019-20
2019,6,AePS,15.07,436.65,204,50233,1.01,39.76,2897.45,87.74,122.4,Q1 FY2019-20
2019,6,Debit_Card,316.27,5202.74,204,1054233,21.25,11.12,1645.03,97.22,122.4,Q1 FY2019-20
2019,6,Credit_Card,206.85,9323.49,204,689500,13.9,30.08,4507.37,97.96,122.4,Q1 FY2019-20
2019,6,PPI,70.46,698.33,204,234867,4.73,33.38,991.1,95.35,122.4,Q1 FY2019-20
2019,6,NETC,4.03,4.28,204,13433,0.27,100.34,106.16,91.44,122.4,Q1 FY2019-20
2019,6,BBPS,6.63,129.81,204,22100,0.45,86.46,1957.96,94.22,122.4,Q1 FY2019-20
2019,7,UPI,1.1,17.72,208,3667,0.07,100.89,1610.91,94.85,120.29,Q2 FY2019-20
2019,7,IMPS,137.92,7889.01,208,459733,9.27,41.62,5719.99,96.86,120.29,Q2 FY2019-20
2019,7,NEFT,279.71,727105.87,208,932367,18.8,24.75,259949.9,99.9,120.29,Q2 FY2019-20
2019,7,RTGS,128.87,7369610.88,208,429567,8.66,15.47,5718639.62,99.9,120.29,Q2 FY2019-20
2019,7,NACH,341.63,11427.83,208,1138767,22.96,17.24,3345.09,94.73,120.29,Q2 FY2019-20
2019,7,AePS,15.68,456.25,208,52267,1.05,41.18,2909.77,88.27,120.29,Q2 FY2019-20
2019,7,Debit_Card,299.35,4965.86,208,997833,20.12,4.65,1658.88,96.13,120.29,Q2 FY2019-20
2019,7,Credit_Card,206.18,9419.0,208,687267,13.86,27.37,4568.34,98.14,120.29,Q2 FY2019-20
2019,7,PPI,67.15,665.46,208,223833,4.51,24.38,991.01,92.76,120.29,Q2 FY2019-20
2019,7,NETC,4.0,4.59,208,13333,0.27,88.48,114.77,92.52,120.29,Q2 FY2019-20
2019,7,BBPS,6.47,127.35,208,21567,0.43,73.3,1968.32,95.72,120.29,Q2 FY2019-20
2019,8,UPI,1.31,20.83,213,4367,0.09,124.64,1590.15,93.39,120.1,Q2 FY2019-20
2019,8,IMPS,141.8,8091.79,213,472667,9.55,42.05,5706.48,97.56,120.1,Q2 FY2019-20
2019,8,NEFT,262.75,683641.13,213,875833,17.7,15.45,260186.92,99.9,120.1,Q2 FY2019-20
2019,8,RTGS,128.99,7383825.96,213,429967,8.69,14.66,5724339.84,99.2,120.1,Q2 FY2019-20
2019,8,NACH,354.08,11853.75,213,1180267,23.86,19.37,3347.76,94.24,120.1,Q2 FY2019-20
2019,8,AePS,17.37,507.24,213,57900,1.17,51.84,2920.21,90.07,120.1,Q2 FY2019-20
2019,8,Debit_Card,287.98,4753.89,213,959933,19.4,0.18,1650.77,95.3,120.1,Q2 FY2019-20
2019,8,Credit_Card,202.09,9233.96,213,673633,13.62,22.63,4569.23,97.74,120.1,Q2 FY2019-20
2019,8,PPI,76.76,731.68,213,255867,5.17,39.12,953.21,94.77,120.1,Q2 FY2019-20
2019,8,NETC,4.07,5.0,213,13567,0.27,81.78,122.84,90.32,120.1,Q2 FY2019-20
2019,8,BBPS,6.98,134.33,213,23267,0.47,78.06,1924.51,94.7,120.1,Q2 FY2019-20
2019,9,UPI,1.33,21.38,217,4433,0.09,114.15,1607.59,95.41,125.96,Q2 FY2019-20
2019,9,IMPS,142.61,8144.07,217,475367,9.55,39.38,5710.73,97.62,125.96,Q2 FY2019-20
2019,9,NEFT,277.41,722507.05,217,924700,18.57,20.09,260447.37,99.02,125.96,Q2 FY2019-20
2019,9,RTGS,117.01,6704750.65,217,390033,7.83,3.19,5730066.36,99.9,125.96,Q2 FY2019-20
2019,9,NACH,361.37,12010.06,217,1204567,24.19,19.67,3323.48,92.78,125.96,Q2 FY2019-20
2019,9,AePS,16.27,475.69,217,54233,1.09,38.08,2923.7,87.62,125.96,Q2 FY2019-20
2019,9,Debit_Card,284.53,4796.95,217,948433,19.05,-1.51,1685.92,94.56,125.96,Q2 FY2019-20
2019,9,Credit_Card,205.14,9354.59,217,683800,13.73,22.28,4560.1,97.1,125.96,Q2 FY2019-20
2019,9,PPI,76.66,771.3,217,255533,5.13,35.95,1006.13,94.26,125.96,Q2 FY2019-20
2019,9,NETC,4.46,5.38,217,14867,0.3,88.82,120.64,91.97,125.96,Q2 FY2019-20
2019,9,BBPS,6.93,135.95,217,23100,0.46,68.36,1961.8,97.25,125.96,Q2 FY2019-20
2019,10,UPI,1.4,22.03,222,4667,0.08,111.66,1573.61,96.07,123.96,Q3 FY2019-20
2019,10,IMPS,159.37,9138.88,222,531233,9.41,51.96,5734.38,98.27,123.96,Q3 FY2019-20
2019,10,NEFT,295.24,769759.83,222,984133,17.44,25.92,260723.42,99.9,123.96,Q3 FY2019-20
2019,10,RTGS,140.9,8081716.53,222,469667,8.32,23.27,5735781.78,99.9,123.96,Q3 FY2019-20
2019,10,NACH,419.69,13998.76,222,1398967,24.79,36.53,3335.5,92.37,123.96,Q3 FY2019-20
2019,10,AePS,19.5,565.85,222,65000,1.15,60.67,2901.8,88.04,123.96,Q3 FY2019-20
2019,10,Debit_Card,345.45,5700.86,222,1151500,20.41,18.98,1650.27,97.61,123.96,Q3 FY2019-20
2019,10,Credit_Card,222.35,10158.24,222,741167,13.14,30.2,4568.58,98.8,123.96,Q3 FY2019-20
2019,10,PPI,74.92,735.24,222,249733,4.43,30.0,981.37,93.23,123.96,Q3 FY2019-20
2019,10,NETC,5.15,6.97,222,17167,0.3,106.66,135.28,91.01,123.96,Q3 FY2019-20
2019,10,BBPS,8.8,171.51,222,29333,0.52,103.61,1948.99,96.57,123.96,Q3 FY2019-20
2019,11,UPI,1.53,24.21,226,5100,0.09,117.2,1582.62,96.16,129.14,Q3 FY2019-20
2019,11,IMPS,142.68,8204.98,226,475600,8.5,32.73,5750.62,96.14,129.14,Q3 FY2019-20
2019,11,NEFT,292.45,763244.67,226,974833,17.43,22.89,260982.96,99.9,129.14,Q3 FY2019-20
2019,11,RTGS,141.41,8119107.3,226,471367,8.43,22.73,5741536.88,99.9,129.14,Q3 FY2019-20
2019,11,NACH,422.87,14055.06,226,1409567,25.2,35.13,3323.73,93.67,129.14,Q3 FY2019-20
2019,11,AePS,19.9,580.13,226,66333,1.19,59.19,2915.22,89.47,129.14,Q3 FY2019-20
2019,11,Debit_Card,319.39,5325.22,226,1064633,19.03,9.45,1667.31,96.77,129.14,Q3 FY2019-20
2019,11,Credit_Card,243.26,11111.85,226,810867,14.5,39.92,4567.89,95.51,129.14,Q3 FY2019-20
2019,11,PPI,80.25,804.86,226,267500,4.78,36.25,1002.94,93.59,129.14,Q3 FY2019-20
2019,11,NETC,5.25,7.62,226,17500,0.31,99.69,145.2,91.32,129.14,Q3 FY2019-20
2019,11,BBPS,9.14,181.91,226,30467,0.54,101.41,1990.28,97.18,129.14,Q3 FY2019-20
2019,12,UPI,1.63,25.62,231,5433,0.1,117.27,1571.75,94.72,125.92,Q3 FY2019-20
2019,12,IMPS,144.95,8334.58,231,483167,8.77,31.55,5749.97,98.0,125.92,Q3 FY2019-20
2019,12,NEFT,302.71,790820.82,231,1009033,18.31,25.32,261247.01,99.9,125.92,Q3 FY2019-20
2019,12,RTGS,131.46,7555363.09,231,438200,7.95,13.19,5747271.48,99.9,125.92,Q3 FY2019-20
2019,12,NACH,423.2,14163.78,231,1410667,25.6,32.84,3346.83,93.23,125.92,Q3 FY2019-20
2019,12,AePS,17.31,505.77,231,57700,1.05,34.44,2921.81,89.65,125.92,Q3 FY2019-20
2019,12,Debit_Card,316.71,5263.47,231,1055700,19.16,8.0,1661.92,94.78,125.92,Q3 FY2019-20
2019,12,Credit_Card,229.1,10538.81,231,763667,13.86,29.45,4600.09,97.13,125.92,Q3 FY2019-20
2019,12,PPI,72.34,705.98,231,241133,4.38,20.18,975.92,94.35,125.92,Q3 FY2019-20
2019,12,NETC,4.91,5.69,231,16367,0.3,77.02,115.87,91.29,125.92,Q3 FY2019-20
2019,12,BBPS,8.94,175.42,231,29800,0.54,87.62,1962.18,97.37,125.92,Q3 FY2019-20
2020,1,UPI,1.81,28.35,235,6033,0.11,126.54,1566.27,93.63,128.72,Q4 FY2019-20
2020,1,IMPS,151.68,8728.74,235,505600,9.48,34.3,5754.71,99.02,128.72,Q4 FY2019-20
2020,1,NEFT,275.43,720291.15,235,918100,17.22,12.34,261515.14,99.9,128.72,Q4 FY2019-20
2020,1,RTGS,136.09,7829313.44,235,453633,8.51,16.25,5753040.96,99.9,128.72,Q4 FY2019-20
2020,1,NACH,398.64,13390.16,235,1328800,24.93,22.92,3358.96,93.18,128.72,Q4 FY2019-20
2020,1,AePS,20.11,585.94,235,67033,1.26,51.64,2913.67,88.1,128.72,Q4 FY2019-20
2020,1,Debit_Card,310.16,5146.05,235,1033867,19.39,5.24,1659.16,97.17,128.72,Q4 FY2019-20
2020,1,Credit_Card,208.46,9519.74,235,694867,13.04,15.7,4566.7,97.34,128.72,Q4 FY2019-20
2020,1,PPI,82.2,802.93,235,274000,5.14,33.62,976.8,95.21,128.72,Q4 FY2019-20
2020,1,NETC,5.87,7.49,235,19567,0.37,100.6,127.59,92.54,128.72,Q4 FY2019-20
2020,1,BBPS,8.73,169.76,235,29100,0.55,74.49,1944.51,94.98,128.72,Q4 FY2019-20
2020,2,UPI,1.74,27.47,240,5800,0.11,104.49,1578.86,95.66,134.57,Q4 FY2019-20
2020,2,IMPS,145.39,8354.2,240,484633,9.45,25.59,5746.06,99.3,134.57,Q4 FY2019-20
2020,2,NEFT,288.62,755491.39,240,962067,18.77,15.98,261759.89,99.9,134.57,Q4 FY2019-20
2020,2,RTGS,127.0,7313624.07,240,423333,8.26,7.62,5758759.11,99.65,134.57,Q4 FY2019-20
2020,2,NACH,354.39,11824.86,240,1181300,23.04,7.35,3336.68,92.0,134.57,Q4 FY2019-20
2020,2,AePS,19.48,569.72,240,64933,1.27,42.61,2924.65,89.9,134.57,Q4 FY2019-20
2020,2,Debit_Card,299.12,4992.67,240,997067,19.45,0.99,1669.12,97.71,134.57,Q4 FY2019-20
2020,2,Credit_Card,209.6,9700.29,240,698667,13.63,14.28,4628.0,98.38,134.57,Q4 FY2019-20
2020,2,PPI,78.11,758.97,240,260367,5.08,24.24,971.67,94.64,134.57,Q4 FY2019-20
2020,2,NETC,5.32,6.79,240,17733,0.35,72.33,127.68,90.86,134.57,Q4 FY2019-20
2020,2,BBPS,9.3,182.41,240,31000,0.6,77.03,1961.44,95.79,134.57,Q4 FY2019-20
2020,3,UPI,1.94,30.43,244,6467,0.11,114.07,1568.61,95.46,133.16,Q4 FY2019-20
2020,3,IMPS,181.11,10451.1,244,603700,9.97,52.63,5770.58,98.62,133.16,Q4 FY2019-20
2020,3,NEFT,302.4,792351.53,244,1008000,16.65,19.72,262021.01,99.9,133.16,Q4 FY2019-20
2020,3,RTGS,142.26,8200628.33,244,474200,7.83,19.6,5764535.59,99.9,133.16,Q4 FY2019-20
2020,3,NACH,456.87,15284.59,244,1522900,25.16,35.94,3345.5,94.79,133.16,Q4 FY2019-20
2020,3,AePS,21.62,634.33,244,72067,1.19,53.67,2933.99,90.26,133.16,Q4 FY2019-20
2020,3,Debit_Card,353.36,5951.85,244,1177867,19.46,18.7,1684.36,95.48,133.16,Q4 FY2019-20
2020,3,Credit_Card,247.66,11362.39,244,825533,13.64,32.64,4587.9,95.65,133.16,Q4 FY2019-20
2020,3,PPI,93.04,916.43,244,310133,5.12,44.8,984.99,94.13,133.16,Q4 FY2019-20
2020,3,NETC,6.07,6.92,244,20233,0.33,86.37,113.93,92.56,133.16,Q4 FY2019-20
2020,3,BBPS,9.74,191.49,244,32467,0.54,76.58,1965.98,96.45,133.16,Q4 FY2019-20
2020,4,UPI,1.2,18.64,249,4000,0.13,24.34,1553.63,95.61,136.15,Q1 FY2020-21
2020,4,IMPS,96.81,5576.48,249,322700,10.45,-20.4,5760.23,98.99,136.15,Q1 FY2020-21
2020,4,NEFT,158.63,416043.28,249,528767,17.12,-38.12,262272.76,99.81,136.15,Q1 FY2020-21
2020,4,RTGS,71.06,4100377.54,249,236867,7.67,-40.73,5770303.32,99.9,136.15,Q1 FY2020-21
2020,4,NACH,235.39,7927.44,249,784633,25.41,-31.2,3367.79,93.2,136.15,Q1 FY2020-21
2020,4,AePS,11.03,324.08,249,36767,1.19,-23.89,2938.2,89.21,136.15,Q1 FY2020-21
2020,4,Debit_Card,173.76,2903.48,249,579200,18.76,-41.92,1670.97,94.54,136.15,Q1 FY2020-21
2020,4,Credit_Card,124.68,5796.95,249,415600,13.46,-34.4,4649.46,97.23,136.15,Q1 FY2020-21
2020,4,PPI,45.0,458.37,249,150000,4.86,-31.47,1018.59,93.21,136.15,Q1 FY2020-21
2020,4,NETC,3.36,4.03,249,11200,0.36,-2.21,120.01,90.64,136.15,Q1 FY2020-21
2020,4,BBPS,5.53,109.54,249,18433,0.6,-4.52,1980.87,97.05,136.15,Q1 FY2020-21
2020,5,UPI,1.52,23.65,253,5067,0.12,47.88,1555.71,93.74,137.29,Q1 FY2020-21
2020,5,IMPS,118.05,6818.85,253,393500,9.47,-5.31,5776.24,98.66,137.29,Q1 FY2020-21
2020,5,NEFT,229.88,603526.61,253,766267,18.44,-11.66,262539.85,99.9,137.29,Q1 FY2020-21
2020,5,RTGS,92.06,5317457.15,253,306867,7.38,-23.83,5776077.72,99.7,137.29,Q1 FY2020-21
2020,5,NACH,320.48,10831.04,253,1068267,25.71,-7.98,3379.63,92.86,137.29,Q1 FY2020-21
2020,5,AePS,15.44,455.84,253,51467,1.24,3.44,2952.34,88.67,137.29,Q1 FY2020-21
2020,5,Debit_Card,232.88,3954.0,253,776267,18.68,-22.55,1697.87,97.12,137.29,Q1 FY2020-21
2020,5,Credit_Card,164.18,7575.15,253,547267,13.17,-15.15,4613.93,97.26,137.29,Q1 FY2020-21
2020,5,PPI,60.03,595.84,253,200100,4.82,-10.55,992.57,92.64,137.29,Q1 FY2020-21
2020,5,NETC,4.88,5.44,253,16267,0.39,34.62,111.5,91.65,137.29,Q1 FY2020-21
2020,5,BBPS,7.27,144.2,253,24233,0.58,19.54,1983.56,95.58,137.29,Q1 FY2020-21
2020,6,UPI,1.99,30.66,258,6633,0.13,81.79,1540.92,96.36,138.64,Q1 FY2020-21
2020,6,IMPS,142.06,8206.21,258,473533,9.41,11.17,5776.58,98.36,138.64,Q1 FY2020-21
2020,6,NEFT,273.27,718236.63,258,910900,18.11,3.46,262830.4,99.9,138.64,Q1 FY2020-21
2020,6,RTGS,107.79,6232265.22,258,359300,7.14,-11.52,5781858.45,99.9,138.64,Q1 FY2020-21
2020,6,NACH,402.62,13574.37,258,1342067,26.68,13.56,3371.51,91.59,138.64,Q1 FY2020-21
2020,6,AePS,19.35,569.37,258,64500,1.28,25.86,2942.47,90.88,138.64,Q1 FY2020-21
2020,6,Debit_Card,263.93,4469.15,258,879767,17.49,-12.65,1693.31,97.22,138.64,Q1 FY2020-21
2020,6,Credit_Card,201.97,9383.34,258,673233,13.38,2.53,4645.91,98.02,138.64,Q1 FY2020-21
2020,6,PPI,79.67,796.36,258,265567,5.28,16.16,999.57,93.1,138.64,Q1 FY2020-21
2020,6,NETC,6.21,8.15,258,20700,0.41,62.38,131.31,92.67,138.64,Q1 FY2020-21
2020,6,BBPS,10.07,202.36,258,33567,0.67,57.7,2009.58,94.52,138.64,Q1 FY2020-21
2020,7,UPI,2.3,35.74,262,7667,0.13,97.28,1553.71,93.74,140.74,Q2 FY2020-21
2020,7,IMPS,188.78,10898.55,262,629267,10.7,44.13,5773.15,96.75,140.74,Q2 FY2020-21
2020,7,NEFT,300.52,790569.01,262,1001733,17.03,12.1,263067.02,99.9,140.74,Q2 FY2020-21
2020,7,RTGS,124.72,7218331.44,262,415733,7.07,1.56,5787629.44,99.9,140.74,Q2 FY2020-21
2020,7,NACH,433.78,14550.15,262,1445933,24.58,20.18,3354.27,94.71,140.74,Q2 FY2020-21
2020,7,AePS,21.32,626.83,262,71067,1.21,34.64,2940.12,88.76,140.74,Q2 FY2020-21
2020,7,Debit_Card,332.24,5629.97,262,1107467,18.83,9.4,1694.55,97.04,140.74,Q2 FY2020-21
2020,7,Credit_Card,244.83,11406.97,262,816100,13.88,22.1,4659.14,97.95,140.74,Q2 FY2020-21
2020,7,PPI,95.02,953.19,262,316733,5.39,35.55,1003.15,93.19,140.74,Q2 FY2020-21
2020,7,NETC,8.19,9.51,262,27300,0.46,102.99,116.14,92.47,140.74,Q2 FY2020-21
2020,7,BBPS,12.76,252.21,262,42533,0.72,90.31,1976.58,97.43,140.74,Q2 FY2020-21
2020,8,UPI,2.55,39.75,267,8500,0.14,105.38,1558.85,96.4,140.12,Q2 FY2020-21
2020,8,IMPS,172.1,10001.76,267,573667,9.55,28.19,5811.6,98.86,140.12,Q2 FY2020-21
2020,8,NEFT,336.0,884784.47,267,1120000,18.64,23.48,263328.71,99.75,140.12,Q2 FY2020-21
2020,8,RTGS,132.22,7660066.03,267,440733,7.33,6.82,5793424.62,99.9,140.12,Q2 FY2020-21
2020,8,NACH,444.14,14960.46,267,1480467,24.63,20.87,3368.41,92.44,140.12,Q2 FY2020-21
2020,8,AePS,24.87,733.3,267,82900,1.38,52.48,2948.54,88.25,140.12,Q2 FY2020-21
2020,8,Debit_Card,339.34,5724.33,267,1131133,18.82,11.19,1686.9,97.81,140.12,Q2 FY2020-21
2020,8,Credit_Card,243.7,11384.71,267,812333,13.52,19.38,4671.61,96.02,140.12,Q2 FY2020-21
2020,8,PPI,87.39,878.69,267,291300,4.85,21.98,1005.48,94.59,140.12,Q2 FY2020-21
2020,8,NETC,8.32,9.66,267,27733,0.46,95.46,116.1,92.88,140.12,Q2 FY2020-21
2020,8,BBPS,12.4,247.87,267,41333,0.69,76.14,1998.94,96.27,140.12,Q2 FY2020-21
2020,9,UPI,2.78,42.34,271,9267,0.15,110.24,1523.0,96.93,140.34,Q2 FY2020-21
2020,9,IMPS,191.51,11092.37,271,638367,10.51,39.17,5792.06,98.32,140.34,Q2 FY2020-21
2020,9,NEFT,309.11,814865.74,271,1030367,16.96,11.92,263616.75,99.07,140.34,Q2 FY2020-21
2020,9,RTGS,143.24,8306791.88,271,477467,7.86,14.8,5799212.43,99.9,140.34,Q2 FY2020-21
2020,9,NACH,426.66,14433.95,271,1422200,23.4,14.06,3383.01,94.84,140.34,Q2 FY2020-21
2020,9,AePS,24.15,716.98,271,80500,1.32,43.75,2968.85,88.17,140.34,Q2 FY2020-21
2020,9,Debit_Card,348.0,5924.11,271,1160000,19.09,13.46,1702.33,95.18,140.34,Q2 FY2020-21
2020,9,Credit_Card,253.58,11903.91,271,845267,13.91,22.03,4694.34,99.05,140.34,Q2 FY2020-21
2020,9,PPI,101.68,1011.06,271,338933,5.58,38.88,994.35,94.29,140.34,Q2 FY2020-21
2020,9,NETC,9.05,13.03,271,30167,0.5,101.52,143.99,93.93,140.34,Q2 FY2020-21
2020,9,BBPS,13.23,268.12,271,44100,0.73,78.98,2026.63,97.13,140.34,Q2 FY2020-21
2020,10,UPI,3.27,49.54,276,10900,0.16,132.2,1514.93,94.15,141.8,Q3 FY2020-21
2020,10,IMPS,192.0,11142.47,276,640000,9.16,36.12,5803.37,96.98,141.8,Q3 FY2020-21
2020,10,NEFT,389.95,1028888.85,276,1299833,18.6,39.11,263851.48,99.9,141.8,Q3 FY2020-21
2020,10,RTGS,144.31,8377224.81,276,481033,6.88,14.74,5805020.31,99.9,141.8,Q3 FY2020-21
2020,10,NACH,549.29,18608.57,276,1830967,26.2,44.25,3387.75,92.19,141.8,Q3 FY2020-21
2020,10,AePS,26.83,796.72,276,89433,1.28,55.06,2969.52,90.72,141.8,Q3 FY2020-21
2020,10,Debit_Card,353.11,6009.26,276,1177033,16.84,14.55,1701.81,96.38,141.8,Q3 FY2020-21
2020,10,Credit_Card,302.87,14094.66,276,1009567,14.45,43.17,4653.7,97.92,141.8,Q3 FY2020-21
2020,10,PPI,110.82,1090.05,276,369400,5.29,48.1,983.62,93.07,141.8,Q3 FY2020-21
2020,10,NETC,9.68,11.58,276,32267,0.46,104.32,119.6,91.45,141.8,Q3 FY2020-21
2020,10,BBPS,14.31,284.87,276,47700,0.68,84.37,1990.72,94.9,141.8,Q3 FY2020-21
2020,11,UPI,3.6,55.5,280,12000,0.18,140.03,1541.63,96.06,148.0,Q3 FY2020-21
2020,11,IMPS,197.69,11472.44,280,658967,10.08,36.74,5803.25,96.51,148.0,Q3 FY2020-21
2020,11,NEFT,369.94,977176.31,280,1233133,18.87,30.02,264144.54,99.83,148.0,Q3 FY2020-21
2020,11,RTGS,135.02,7845766.83,280,450067,6.89,6.5,5810818.27,99.9,148.0,Q3 FY2020-21
2020,11,NACH,516.58,17389.01,280,1721933,26.35,33.26,3366.18,92.14,148.0,Q3 FY2020-21
2020,11,AePS,27.5,816.24,280,91667,1.4,54.3,2968.14,89.72,148.0,Q3 FY2020-21
2020,11,Debit_Card,321.16,5418.13,280,1070533,16.38,3.67,1687.05,96.52,148.0,Q3 FY2020-21
2020,11,Credit_Card,262.99,12323.97,280,876633,13.41,22.12,4686.1,97.48,148.0,Q3 FY2020-21
2020,11,PPI,101.04,1024.94,280,336800,5.15,32.12,1014.39,93.36,148.0,Q3 FY2020-21
2020,11,NETC,9.83,11.47,280,32767,0.5,96.67,116.68,93.24,148.0,Q3 FY2020-21
2020,11,BBPS,15.37,312.24,280,51233,0.78,88.6,2031.47,94.39,148.0,Q3 FY2020-21
2020,12,UPI,3.51,52.98,285,11700,0.18,119.75,1509.47,95.66,147.92,Q3 FY2020-21
2020,12,IMPS,185.85,10779.78,285,619500,9.77,25.41,5800.26,97.91,147.92,Q3 FY2020-21
2020,12,NEFT,348.84,922348.2,285,1162800,18.34,20.79,264404.37,99.9,147.92,Q3 FY2020-21
2020,12,RTGS,130.76,7605818.89,285,435867,6.88,2.32,5816625.03,99.9,147.92,Q3 FY2020-21
2020,12,NACH,492.55,16581.84,285,1641833,25.9,24.82,3366.53,93.24,147.92,Q3 FY2020-21
2020,12,AePS,26.2,779.05,285,87333,1.38,42.72,2973.47,90.15,147.92,Q3 FY2020-21
2020,12,Debit_Card,334.4,5644.5,285,1114667,17.58,7.4,1687.95,97.48,147.92,Q3 FY2020-21
2020,12,Credit_Card,256.35,12079.16,285,854500,13.48,16.93,4711.98,97.64,147.92,Q3 FY2020-21
2020,12,PPI,98.69,966.44,285,328967,5.19,26.27,979.27,93.83,147.92,Q3 FY2020-21
2020,12,NETC,10.06,11.01,285,33533,0.53,90.77,109.46,94.1,147.92,Q3 FY2020-21
2020,12,BBPS,14.42,294.05,285,48067,0.76,68.51,2039.17,94.36,147.92,Q3 FY2020-21
2021,1,UPI,3.35,50.64,289,11167,0.16,96.93,1511.71,96.03,152.62,Q4 FY2020-21
2021,1,IMPS,201.3,11733.6,289,671000,9.88,32.53,5828.91,98.03,152.62,Q4 FY2020-21
2021,1,NEFT,365.56,967500.45,289,1218533,17.94,24.71,264662.56,99.9,152.62,Q4 FY2020-21
2021,1,RTGS,147.77,8603802.24,289,492567,7.25,14.71,5822428.26,99.9,152.62,Q4 FY2020-21
2021,1,NACH,535.7,18153.59,289,1785667,26.29,33.35,3388.76,94.19,152.62,Q4 FY2020-21
2021,1,AePS,27.59,814.75,289,91967,1.35,45.92,2953.06,87.65,152.62,Q4 FY2020-21
2021,1,Debit_Card,327.97,5492.55,289,1093233,16.1,4.81,1674.71,95.68,152.62,Q4 FY2020-21
2021,1,Credit_Card,298.25,14068.54,289,994167,14.64,33.64,4717.03,97.55,152.62,Q4 FY2020-21
2021,1,PPI,101.76,1028.26,289,339200,4.99,27.4,1010.48,95.52,152.62,Q4 FY2020-21
2021,1,NETC,11.2,13.1,289,37333,0.55,101.32,116.94,91.85,152.62,Q4 FY2020-21
2021,1,BBPS,17.19,344.43,289,57300,0.84,91.32,2003.66,97.42,152.62,Q4 FY2020-21
2021,2,UPI,3.37,50.35,294,11233,0.18,86.01,1494.09,96.25,153.17,Q4 FY2020-21
2021,2,IMPS,204.37,11903.22,294,681233,11.01,31.27,5824.35,96.98,153.17,Q4 FY2020-21
2021,2,NEFT,326.56,865089.31,294,1088533,17.6,9.76,264909.76,99.9,153.17,Q4 FY2020-21
2021,2,RTGS,138.53,8073868.93,294,461767,7.47,6.69,5828245.82,99.9,153.17,Q4 FY2020-21
2021,2,NACH,500.04,16914.15,294,1666800,26.95,22.27,3382.56,94.52,153.17,Q4 FY2020-21
2021,2,AePS,23.82,708.97,294,79400,1.28,22.31,2976.38,88.78,153.17,Q4 FY2020-21
2021,2,Debit_Card,295.89,5028.38,294,986300,15.95,-5.91,1699.41,97.01,153.17,Q4 FY2020-21
2021,2,Credit_Card,245.02,11528.88,294,816733,13.2,7.85,4705.28,96.72,153.17,Q4 FY2020-21
2021,2,PPI,91.22,902.32,294,304067,4.92,11.74,989.17,94.97,153.17,Q4 FY2020-21
2021,2,NETC,10.54,12.23,294,35133,0.57,79.58,116.0,91.71,153.17,Q4 FY2020-21
2021,2,BBPS,16.27,324.56,294,54233,0.88,72.46,1994.82,97.48,153.17,Q4 FY2020-21
2021,3,UPI,4.64,69.72,298,15467,0.21,140.48,1502.66,96.32,155.92,Q4 FY2020-21
2021,3,IMPS,232.09,13537.88,298,773633,10.49,45.43,5833.03,99.15,155.92,Q4 FY2020-21
2021,3,NEFT,378.27,1003088.9,298,1260900,17.1,25.26,265178.02,99.9,155.92,Q4 FY2020-21
2021,3,RTGS,152.55,8899925.74,298,508500,6.89,16.55,5834104.06,99.9,155.92,Q4 FY2020-21
2021,3,NACH,587.94,19971.62,298,1959800,26.57,41.23,3396.88,95.07,155.92,Q4 FY2020-21
2021,3,AePS,32.46,964.83,298,108200,1.47,61.82,2972.37,88.15,155.92,Q4 FY2020-21
2021,3,Debit_Card,365.42,6164.27,298,1218067,16.52,15.62,1686.9,95.39,155.92,Q4 FY2020-21
2021,3,Credit_Card,317.57,15034.62,298,1058567,14.35,37.31,4734.27,98.91,155.92,Q4 FY2020-21
2021,3,PPI,111.49,1152.17,298,371633,5.04,33.64,1033.43,93.0,155.92,Q4 FY2020-21
2021,3,NETC,12.31,16.77,298,41033,0.56,98.8,136.27,91.35,155.92,Q4 FY2020-21
2021,3,BBPS,17.8,358.01,298,59333,0.8,79.69,2011.31,96.54,155.92,Q4 FY2020-21
2021,4,UPI,4.64,70.6,303,15467,0.22,125.81,1521.56,94.11,156.1,Q1 FY2021-22
2021,4,IMPS,209.01,12247.8,303,696700,9.97,27.78,5859.91,97.88,156.1,Q1 FY2021-22
2021,4,NEFT,381.83,1013532.91,303,1272767,18.21,24.57,265440.88,99.9,156.1,Q1 FY2021-22
2021,4,RTGS,150.38,8782062.82,303,501267,7.17,13.98,5839914.1,99.9,156.1,Q1 FY2021-22
2021,4,NACH,529.92,18016.54,303,1766400,25.28,25.04,3399.86,94.41,156.1,Q1 FY2021-22
2021,4,AePS,29.36,871.49,303,97867,1.4,42.1,2968.28,89.57,156.1,Q1 FY2021-22
2021,4,Debit_Card,357.15,6047.48,303,1190500,17.04,12.44,1693.26,95.62,156.1,Q1 FY2021-22
2021,4,Credit_Card,283.86,13442.73,303,946200,13.54,20.56,4735.69,97.44,156.1,Q1 FY2021-22
2021,4,PPI,118.8,1176.76,303,396000,5.67,39.33,990.54,96.13,156.1,Q1 FY2021-22
2021,4,NETC,11.46,14.46,303,38200,0.55,75.43,126.2,93.64,156.1,Q1 FY2021-22
2021,4,BBPS,19.99,410.62,303,66633,0.95,92.19,2054.11,95.5,156.1,Q1 FY2021-22
2021,5,UPI,4.71,70.58,307,15700,0.23,115.22,1498.54,96.01,156.83,Q1 FY2021-22
2021,5,IMPS,215.43,12609.46,307,718100,10.39,28.49,5853.16,97.12,156.83,Q1 FY2021-22
2021,5,NEFT,350.91,932471.35,307,1169700,16.93,12.79,265729.49,99.9,156.83,Q1 FY2021-22
2021,5,RTGS,140.73,8226754.26,307,469100,6.79,5.82,5845771.52,99.9,156.83,Q1 FY2021-22
2021,5,NACH,571.6,19365.24,307,1905333,27.58,32.49,3387.9,94.5,156.83,Q1 FY2021-22
2021,5,AePS,30.73,910.47,307,102433,1.48,44.4,2962.8,90.24,156.83,Q1 FY2021-22
2021,5,Debit_Card,334.43,5685.71,307,1114767,16.14,4.77,1700.12,97.93,156.83,Q1 FY2021-22
2021,5,Credit_Card,280.39,13309.89,307,934633,13.53,16.98,4746.92,97.97,156.83,Q1 FY2021-22
2021,5,PPI,110.06,1089.79,307,366867,5.31,26.3,990.18,92.84,156.83,Q1 FY2021-22
2021,5,NETC,12.85,18.17,307,42833,0.62,86.45,141.41,94.03,156.83,Q1 FY2021-22
2021,5,BBPS,20.66,422.17,307,68867,1.0,89.17,2043.4,96.9,156.83,Q1 FY2021-22
2021,6,UPI,5.23,77.11,312,17433,0.24,124.4,1474.34,95.67,158.71,Q1 FY2021-22
2021,6,IMPS,221.19,12900.0,312,737300,10.35,28.71,5832.09,98.09,158.71,Q1 FY2021-22
2021,6,NEFT,390.07,1037482.21,312,1300233,18.25,23.52,265973.34,99.9,158.71,Q1 FY2021-22
2021,6,RTGS,135.92,7953484.25,312,453067,6.36,1.39,5851592.3,99.9,158.71,Q1 FY2021-22
2021,6,NACH,544.54,18577.2,312,1815133,25.48,23.98,3411.54,94.56,158.71,Q1 FY2021-22
2021,6,AePS,30.62,917.19,312,102067,1.43,39.69,2995.39,88.11,158.71,Q1 FY2021-22
2021,6,Debit_Card,347.01,5851.07,312,1156700,16.24,8.17,1686.14,95.26,158.71,Q1 FY2021-22
2021,6,Credit_Card,310.31,14694.39,312,1034367,14.52,27.18,4735.39,97.58,158.71,Q1 FY2021-22
2021,6,PPI,117.79,1222.19,312,392633,5.51,32.26,1037.6,93.68,158.71,Q1 FY2021-22
2021,6,NETC,13.79,17.04,312,45967,0.65,89.66,123.55,92.05,158.71,Q1 FY2021-22
2021,6,BBPS,20.55,417.52,312,68500,0.96,79.2,2031.74,96.22,158.71,Q1 FY2021-22
2021,7,UPI,5.05,74.56,316,16833,0.23,103.45,1476.45,95.51,164.09,Q2 FY2021-22
2021,7,IMPS,243.88,14278.74,316,812933,11.09,38.45,5854.82,99.01,164.09,Q2 FY2021-22
2021,7,NEFT,404.55,1077118.26,316,1348500,18.39,26.22,266250.96,99.9,164.09,Q2 FY2021-22
2021,7,RTGS,152.34,8923234.82,316,507800,6.93,12.74,5857447.04,99.9,164.09,Q2 FY2021-22
2021,7,NACH,585.58,19849.29,316,1951933,26.63,30.97,3389.68,92.5,164.09,Q2 FY2021-22
2021,7,AePS,33.53,1004.8,316,111767,1.52,48.51,2996.71,90.87,164.09,Q2 FY2021-22
2021,7,Debit_Card,320.03,5450.14,316,1066767,14.55,-0.74,1703.01,94.92,164.09,Q2 FY2021-22
2021,7,Credit_Card,301.74,14295.99,316,1005800,13.72,21.48,4737.85,99.0,164.09,Q2 FY2021-22
2021,7,PPI,119.17,1244.95,316,397233,5.42,30.93,1044.68,94.73,164.09,Q2 FY2021-22
2021,7,NETC,13.55,14.79,316,45167,0.62,76.64,109.12,94.01,164.09,Q2 FY2021-22
2021,7,BBPS,19.93,404.64,316,66433,0.91,65.52,2030.32,97.63,164.09,Q2 FY2021-22
2021,8,UPI,5.86,86.18,321,19533,0.27,121.68,1470.72,97.24,163.6,Q2 FY2021-22
2021,8,IMPS,251.09,14744.73,321,836967,11.51,39.07,5872.29,98.03,163.6,Q2 FY2021-22
2021,8,NEFT,382.64,1019863.98,321,1275467,17.54,17.62,266533.55,99.17,163.6,Q2 FY2021-22
2021,8,RTGS,139.73,8192814.48,321,465767,6.4,2.59,5863318.17,99.9,163.6,Q2 FY2021-22
2021,8,NACH,533.36,18160.96,321,1777867,24.45,17.18,3405.01,94.47,163.6,Q2 FY2021-22
2021,8,AePS,31.78,954.4,321,105933,1.46,36.66,3003.16,89.17,163.6,Q2 FY2021-22
2021,8,Debit_Card,362.43,6221.62,321,1208100,16.61,11.85,1716.64,94.88,163.6,Q2 FY2021-22
2021,8,Credit_Card,307.67,14642.97,321,1025567,14.1,21.67,4759.31,99.25,163.6,Q2 FY2021-22
2021,8,PPI,128.44,1312.91,321,428133,5.89,38.08,1022.2,94.03,163.6,Q2 FY2021-22
2021,8,NETC,14.97,21.79,321,49900,0.69,84.98,145.57,92.29,163.6,Q2 FY2021-22
2021,8,BBPS,23.63,485.91,321,78767,1.08,86.9,2056.32,96.59,163.6,Q2 FY2021-22
2021,9,UPI,6.11,90.0,325,20367,0.27,117.03,1473.0,95.06,162.55,Q2 FY2021-22
2021,9,IMPS,260.77,15281.04,325,869233,11.67,40.9,5859.97,96.76,162.55,Q2 FY2021-22
2021,9,NEFT,408.27,1089136.12,325,1360900,18.27,23.64,266768.59,99.9,162.55,Q2 FY2021-22
2021,9,RTGS,140.97,8273791.79,325,469900,6.31,2.68,5869186.2,99.9,162.55,Q2 FY2021-22
2021,9,NACH,542.2,18412.3,325,1807333,24.26,17.02,3395.85,93.04,162.55,Q2 FY2021-22
2021,9,AePS,35.31,1049.3,325,117700,1.58,47.42,2971.67,89.89,162.55,Q2 FY2021-22
2021,9,Debit_Card,353.13,6004.55,325,1177100,15.8,8.44,1700.38,96.15,162.55,Q2 FY2021-22
2021,9,Credit_Card,331.09,15792.89,325,1103633,14.82,28.62,4769.97,97.16,162.55,Q2 FY2021-22
2021,9,PPI,119.81,1197.97,325,399367,5.36,26.03,999.89,95.95,162.55,Q2 FY2021-22
2021,9,NETC,15.21,21.94,325,50700,0.68,78.15,144.26,94.22,162.55,Q2 FY2021-22
2021,9,BBPS,21.95,450.84,325,73167,0.98,65.35,2053.94,94.89,162.55,Q2 FY2021-22
2021,10,UPI,6.5,96.2,330,21667,0.27,116.79,1479.98,94.5,166.3,Q3 FY2021-22
2021,10,IMPS,266.76,15630.35,330,889200,11.13,40.62,5859.33,97.39,166.3,Q3 FY2021-22
2021,10,NEFT,432.31,1154552.29,330,1441033,18.03,28.98,267065.83,99.9,166.3,Q3 FY2021-22
2021,10,RTGS,152.97,8987076.22,330,509900,6.38,10.53,5875058.0,99.9,166.3,Q3 FY2021-22
2021,10,NACH,624.43,21301.74,330,2081433,26.04,32.38,3411.39,92.99,166.3,Q3 FY2021-22
2021,10,AePS,37.51,1126.64,330,125033,1.56,52.04,3003.56,90.83,166.3,Q3 FY2021-22
2021,10,Debit_Card,374.31,6468.38,330,1247700,15.61,14.37,1728.08,95.3,166.3,Q3 FY2021-22
2021,10,Credit_Card,326.84,15627.07,330,1089467,13.63,24.73,4781.26,99.14,166.3,Q3 FY2021-22
2021,10,PPI,130.83,1319.96,330,436100,5.46,34.66,1008.91,93.92,166.3,Q3 FY2021-22
2021,10,NETC,17.75,26.05,330,59167,0.74,97.06,146.77,94.21,166.3,Q3 FY2021-22
2021,10,BBPS,27.58,562.97,330,91933,1.15,97.87,2041.21,96.75,166.3,Q3 FY2021-22
2021,11,UPI,7.23,107.72,334,24100,0.3,126.42,1489.92,95.46,168.97,Q3 FY2021-22
2021,11,IMPS,263.26,15504.07,334,877533,10.9,35.39,5889.26,97.87,168.97,Q3 FY2021-22
2021,11,NEFT,418.61,1118972.03,334,1395367,17.34,23.05,267306.57,99.9,168.97,Q3 FY2021-22
2021,11,RTGS,169.33,9958197.41,334,564433,7.01,21.38,5880941.01,99.9,168.97,Q3 FY2021-22
2021,11,NACH,613.85,20981.39,334,2046167,25.43,27.84,3418.0,93.59,168.97,Q3 FY2021-22
2021,11,AePS,35.69,1070.44,334,118967,1.48,40.45,2999.26,88.69,168.97,Q3 FY2021-22
2021,11,Debit_Card,370.4,6360.36,334,1234667,15.34,12.62,1717.16,97.34,168.97,Q3 FY2021-22
2021,11,Credit_Card,352.09,16967.04,334,1173633,14.58,31.99,4818.95,96.1,168.97,Q3 FY2021-22
2021,11,PPI,136.36,1443.18,334,454533,5.65,37.33,1058.36,94.52,168.97,Q3 FY2021-22
2021,11,NETC,19.52,24.27,334,65067,0.81,105.41,124.34,92.61,168.97,Q3 FY2021-22
2021,11,BBPS,27.82,579.51,334,92733,1.15,90.08,2083.06,96.76,168.97,Q3 FY2021-22
2021,12,UPI,7.58,112.69,339,25267,0.32,122.89,1486.73,96.23,171.31,Q3 FY2021-22
2021,12,IMPS,262.01,15413.5,339,873367,10.91,31.47,5882.79,98.99,171.31,Q3 FY2021-22
2021,12,NEFT,438.96,1174660.74,339,1463200,18.27,27.13,267600.86,99.9,171.31,Q3 FY2021-22
2021,12,RTGS,155.64,9162199.33,339,518800,6.48,10.69,5886789.6,99.9,171.31,Q3 FY2021-22
2021,12,NACH,618.9,21200.3,339,2063000,25.76,26.61,3425.48,93.68,171.31,Q3 FY2021-22
2021,12,AePS,34.84,1045.25,339,116133,1.45,33.11,3000.14,89.87,171.31,Q3 FY2021-22
2021,12,Debit_Card,366.04,6260.6,339,1220133,15.23,10.74,1710.36,96.23,171.31,Q3 FY2021-22
2021,12,Credit_Card,344.88,16649.25,339,1149600,14.35,27.0,4827.55,97.92,171.31,Q3 FY2021-22
2021,12,PPI,128.7,1326.9,339,429000,5.36,26.83,1031.0,94.07,171.31,Q3 FY2021-22
2021,12,NETC,19.51,21.35,339,65033,0.81,94.6,109.42,91.23,171.31,Q3 FY2021-22
2021,12,BBPS,25.59,526.36,339,85300,1.07,66.52,2056.91,97.73,171.31,Q3 FY2021-22
2022,1,UPI,8.25,121.72,343,27500,0.35,127.79,1475.39,94.28,170.8,Q4 FY2021-22
2022,1,IMPS,258.99,15297.66,343,863300,11.11,26.78,5906.66,98.65,170.8,Q4 FY2021-22
2022,1,NEFT,406.42,1088624.01,343,1354733,17.43,15.96,267856.9,99.66,170.8,Q4 FY2021-22
2022,1,RTGS,154.85,9124869.7,343,516167,6.64,9.25,5892715.34,99.9,170.8,Q4 FY2021-22
2022,1,NACH,587.5,20065.83,343,1958333,25.2,18.06,3415.46,92.44,170.8,Q4 FY2021-22
2022,1,AePS,38.33,1150.79,343,127767,1.64,42.18,3002.31,91.23,170.8,Q4 FY2021-22
2022,1,Debit_Card,351.35,5985.28,343,1171167,15.07,5.76,1703.51,96.3,170.8,Q4 FY2021-22
2022,1,Credit_Card,339.06,16281.32,343,1130200,14.54,22.65,4801.9,98.12,170.8,Q4 FY2021-22
2022,1,PPI,138.9,1429.23,343,463000,5.96,33.93,1028.96,92.98,170.8,Q4 FY2021-22
2022,1,NETC,19.53,26.0,343,65100,0.84,84.65,133.13,91.57,170.8,Q4 FY2021-22
2022,1,BBPS,28.05,581.08,343,93500,1.2,73.84,2071.6,95.74,170.8,Q4 FY2021-22
2022,2,UPI,7.28,106.27,348,24267,0.33,88.74,1459.7,96.14,176.41,Q4 FY2021-22
2022,2,IMPS,272.47,16082.46,348,908233,12.27,30.13,5902.47,98.54,176.41,Q4 FY2021-22
2022,2,NEFT,415.08,1112917.27,348,1383600,18.69,16.68,268121.15,99.9,176.41,Q4 FY2021-22
2022,2,RTGS,135.97,8020329.82,348,453233,6.12,-4.83,5898602.5,99.9,176.41,Q4 FY2021-22
2022,2,NACH,546.39,18820.18,348,1821300,24.61,7.86,3444.46,94.37,176.41,Q4 FY2021-22
2022,2,AePS,39.01,1168.28,348,130033,1.76,40.49,2994.82,90.05,176.41,Q4 FY2021-22
2022,2,Debit_Card,313.13,5321.14,348,1043767,14.1,-6.21,1699.34,95.37,176.41,Q4 FY2021-22
2022,2,Credit_Card,315.18,15152.44,348,1050600,14.19,11.99,4807.55,96.97,176.41,Q4 FY2021-22
2022,2,PPI,127.12,1291.64,348,423733,5.72,19.93,1016.08,95.33,176.41,Q4 FY2021-22
2022,2,NETC,18.98,24.51,348,63267,0.85,70.09,129.13,92.36,176.41,Q4 FY2021-22
2022,2,BBPS,29.94,613.31,348,99800,1.35,76.71,2048.48,95.74,176.41,Q4 FY2021-22
2022,3,UPI,9.47,135.86,352,31567,0.36,130.53,1434.6,94.4,175.4,Q4 FY2021-22
2022,3,IMPS,315.43,18664.31,352,1051433,12.02,46.97,5917.1,99.79,175.4,Q4 FY2021-22
2022,3,NEFT,468.24,1256690.61,352,1560800,17.84,29.68,268386.0,99.9,175.4,Q4 FY2021-22
2022,3,RTGS,181.41,10711343.76,352,604700,6.91,25.96,5904494.66,99.9,175.4,Q4 FY2021-22
2022,3,NACH,683.08,23558.95,352,2276933,26.02,32.46,3448.93,93.63,175.4,Q4 FY2021-22
2022,3,AePS,43.15,1289.85,352,143833,1.64,50.87,2989.23,88.03,175.4,Q4 FY2021-22
2022,3,Debit_Card,355.87,6149.83,352,1186233,13.56,6.06,1728.11,95.94,175.4,Q4 FY2021-22
2022,3,Credit_Card,365.02,17618.16,352,1216733,13.91,27.41,4826.63,97.8,175.4,Q4 FY2021-22
2022,3,PPI,147.92,1504.73,352,493067,5.64,36.55,1017.26,94.52,175.4,Q4 FY2021-22
2022,3,NETC,22.03,30.52,352,73433,0.84,87.13,138.53,93.6,175.4,Q4 FY2021-22
2022,3,BBPS,33.1,687.6,352,110333,1.26,86.06,2077.33,94.82,175.4,Q4 FY2021-22
2022,4,UPI,9.72,140.14,357,32400,0.39,122.17,1441.76,97.44,177.09,Q1 FY2022-23
2022,4,IMPS,311.16,18384.52,357,1037200,12.4,41.44,5908.38,97.66,177.09,Q1 FY2022-23
2022,4,NEFT,428.84,1152150.88,357,1429467,17.1,17.01,268666.84,99.9,177.09,Q1 FY2022-23
2022,4,RTGS,167.98,9928309.25,357,559933,6.7,15.71,5910411.51,99.9,177.09,Q1 FY2022-23
2022,4,NACH,602.6,20658.63,357,2008667,24.02,14.79,3428.25,94.78,177.09,Q1 FY2022-23
2022,4,AePS,43.47,1309.51,357,144900,1.73,47.57,3012.44,89.17,177.09,Q1 FY2022-23
2022,4,Debit_Card,360.67,6231.73,357,1202233,14.38,6.96,1727.82,97.15,177.09,Q1 FY2022-23
2022,4,Credit_Card,389.59,18816.3,357,1298633,15.53,33.58,4829.77,96.43,177.09,Q1 FY2022-23
2022,4,PPI,134.6,1375.13,357,448667,5.37,21.58,1021.64,93.66,177.09,Q1 FY2022-23
2022,4,NETC,24.86,27.68,357,82867,0.99,100.16,111.33,92.17,177.09,Q1 FY2022-23
2022,4,BBPS,34.89,720.6,357,116300,1.39,86.79,2065.36,96.33,177.09,Q1 FY2022-23
2022,5,UPI,10.24,149.52,361,34133,0.39,119.77,1460.19,94.4,180.5,Q1 FY2022-23
2022,5,IMPS,293.04,17380.06,361,976800,11.23,29.96,5930.95,97.33,180.5,Q1 FY2022-23
2022,5,NEFT,428.19,1151536.85,361,1427300,16.41,15.11,268931.28,99.9,180.5,Q1 FY2022-23
2022,5,RTGS,170.24,10071930.59,361,567467,6.52,16.34,5916312.61,99.9,180.5,Q1 FY2022-23
2022,5,NACH,713.43,24554.76,361,2378100,27.34,33.49,3441.79,93.98,180.5,Q1 FY2022-23
2022,5,AePS,44.5,1336.19,361,148333,1.71,46.66,3002.68,89.41,180.5,Q1 FY2022-23
2022,5,Debit_Card,336.5,5785.07,361,1121667,12.9,-0.71,1719.19,97.18,180.5,Q1 FY2022-23
2022,5,Credit_Card,395.01,19285.65,361,1316700,15.14,33.04,4882.32,96.29,180.5,Q1 FY2022-23
2022,5,PPI,153.62,1601.12,361,512067,5.89,35.78,1042.26,93.93,180.5,Q1 FY2022-23
2022,5,NETC,26.58,38.95,361,88600,1.02,102.85,146.54,92.25,180.5,Q1 FY2022-23
2022,5,BBPS,38.0,801.67,361,126667,1.46,93.75,2109.66,95.61,180.5,Q1 FY2022-23
2022,6,UPI,11.03,157.94,366,36767,0.42,122.28,1431.91,96.88,180.76,Q1 FY2022-23
2022,6,IMPS,322.41,19072.91,366,1074700,12.33,39.5,5915.73,98.5,180.76,Q1 FY2022-23
2022,6,NEFT,468.1,1260098.94,366,1560333,17.9,23.98,269194.39,99.9,180.76,Q1 FY2022-23
2022,6,RTGS,161.22,9547790.51,366,537400,6.16,9.3,5922212.2,99.9,180.76,Q1 FY2022-23
2022,6,NACH,691.62,23705.9,366,2305400,26.44,27.13,3427.59,92.33,180.76,Q1 FY2022-23
2022,6,AePS,43.55,1317.95,366,145167,1.67,39.35,3026.3,89.59,180.76,Q1 FY2022-23
2022,6,Debit_Card,336.34,5744.01,366,1121133,12.86,-1.25,1707.8,97.98,180.76,Q1 FY2022-23
2022,6,Credit_Card,376.46,18317.45,366,1254867,14.39,24.55,4865.71,95.98,180.76,Q1 FY2022-23
2022,6,PPI,143.36,1535.23,366,477867,5.48,23.98,1070.89,93.69,180.76,Q1 FY2022-23
2022,6,NETC,25.99,35.54,366,86633,0.99,88.01,136.76,91.44,180.76,Q1 FY2022-23
2022,6,BBPS,35.28,739.4,366,117600,1.35,71.31,2095.81,95.04,180.76,Q1 FY2022-23
2022,7,UPI,10.84,156.64,370,36133,0.41,105.12,1444.99,94.0,188.54,Q2 FY2022-23
2022,7,IMPS,326.49,19351.75,370,1088300,12.26,37.81,5927.21,96.96,188.54,Q2 FY2022-23
2022,7,NEFT,439.89,1185283.56,370,1466300,16.52,14.79,269449.99,99.9,188.54,Q2 FY2022-23
2022,7,RTGS,160.25,9499813.97,370,534167,6.02,7.78,5928121.04,99.9,188.54,Q2 FY2022-23
2022,7,NACH,730.37,25283.8,370,2434567,27.43,31.87,3461.78,95.46,188.54,Q2 FY2022-23
2022,7,AePS,43.44,1309.66,370,144800,1.63,34.95,3014.86,88.46,188.54,Q2 FY2022-23
2022,7,Debit_Card,357.38,6101.83,370,1191267,13.42,4.41,1707.38,96.34,188.54,Q2 FY2022-23
2022,7,Credit_Card,369.28,18068.21,370,1230933,13.87,20.02,4892.82,96.36,188.54,Q2 FY2022-23
2022,7,PPI,158.34,1637.71,370,527800,5.95,33.99,1034.3,96.08,188.54,Q2 FY2022-23
2022,7,NETC,26.55,30.49,370,88500,1.0,82.05,114.83,93.71,188.54,Q2 FY2022-23
2022,7,BBPS,39.8,838.26,370,132667,1.49,84.06,2106.18,94.97,188.54,Q2 FY2022-23
2022,8,UPI,11.3,160.01,375,37667,0.43,100.77,1416.0,94.37,191.13,Q2 FY2022-23
2022,8,IMPS,328.17,19506.98,375,1093900,12.41,35.15,5944.17,98.58,191.13,Q2 FY2022-23
2022,8,NEFT,428.49,1155747.91,375,1428300,16.2,10.16,269725.76,99.9,191.13,Q2 FY2022-23
2022,8,RTGS,168.87,10020849.47,375,562900,6.39,12.68,5934061.39,99.9,191.13,Q2 FY2022-23
2022,8,NACH,691.71,23819.93,375,2305700,26.16,22.69,3443.63,92.31,191.13,Q2 FY2022-23
2022,8,AePS,48.95,1479.82,375,163167,1.85,47.64,3023.12,90.12,191.13,Q2 FY2022-23
2022,8,Debit_Card,372.71,6450.04,375,1242367,14.09,8.34,1730.58,97.75,191.13,Q2 FY2022-23
2022,8,Credit_Card,366.36,17952.23,375,1221200,13.85,16.96,4900.16,98.99,191.13,Q2 FY2022-23
2022,8,PPI,154.6,1634.26,375,515333,5.85,28.01,1057.09,94.08,191.13,Q2 FY2022-23
2022,8,NETC,30.13,39.22,375,100433,1.14,95.83,130.18,92.8,191.13,Q2 FY2022-23
2022,8,BBPS,43.12,909.85,375,143733,1.63,89.92,2110.04,95.55,191.13,Q2 FY2022-23
2022,9,UPI,13.57,195.77,379,45233,0.48,126.39,1442.67,96.03,187.76,Q2 FY2022-23
2022,9,IMPS,359.09,21310.63,379,1196967,12.82,44.27,5934.62,98.93,187.76,Q2 FY2022-23
2022,9,NEFT,471.65,1273505.18,379,1572167,16.84,19.46,270010.64,99.9,187.76,Q2 FY2022-23
2022,9,RTGS,155.93,9262263.35,379,519767,5.57,3.22,5940013.69,99.9,187.76,Q2 FY2022-23
2022,9,NACH,710.92,24446.41,379,2369733,25.39,23.86,3438.7,92.96,187.76,Q2 FY2022-23
2022,9,AePS,49.42,1485.36,379,164733,1.76,44.71,3005.59,88.25,187.76,Q2 FY2022-23
2022,9,Debit_Card,368.71,6413.97,379,1229033,13.17,6.65,1739.57,96.81,187.76,Q2 FY2022-23
2022,9,Credit_Card,425.17,20859.78,379,1417233,15.18,33.34,4906.22,97.79,187.76,Q2 FY2022-23
2022,9,PPI,172.75,1804.56,379,575833,6.17,39.96,1044.61,95.5,187.76,Q2 FY2022-23
2022,9,NETC,33.0,37.26,379,110000,1.18,103.3,112.9,92.92,187.76,Q2 FY2022-23
2022,9,BBPS,40.29,848.64,379,134300,1.44,69.0,2106.32,95.51,187.76,Q2 FY2022-23
2022,10,UPI,14.71,211.5,384,49033,0.48,130.43,1437.81,94.26,191.58,Q3 FY2022-23
2022,10,IMPS,352.96,20928.37,384,1176533,11.63,38.35,5929.39,98.08,191.58,Q3 FY2022-23
2022,10,NEFT,542.95,1467421.57,384,1809833,17.9,35.49,270268.27,99.9,191.58,Q3 FY2022-23
2022,10,RTGS,182.02,10822791.34,384,606733,6.0,19.53,5945935.25,99.9,191.58,Q3 FY2022-23
2022,10,NACH,768.0,26642.53,384,2560000,25.32,31.44,3469.08,92.48,191.58,Q3 FY2022-23
2022,10,AePS,55.33,1679.45,384,184433,1.82,57.3,3035.34,90.52,191.58,Q3 FY2022-23
2022,10,Debit_Card,419.72,7203.57,384,1399067,13.83,20.8,1716.28,98.4,191.58,Q3 FY2022-23
2022,10,Credit_Card,446.84,21938.46,384,1489467,14.73,37.66,4909.69,98.8,191.58,Q3 FY2022-23
2022,10,PPI,164.61,1753.15,384,548700,5.43,30.49,1065.03,93.64,191.58,Q3 FY2022-23
2022,10,NETC,36.28,41.65,384,120933,1.2,111.85,114.81,93.79,191.58,Q3 FY2022-23
2022,10,BBPS,50.34,1051.95,384,167800,1.66,101.1,2089.69,97.66,191.58,Q3 FY2022-23
2022,11,UPI,14.05,198.72,388,46833,0.47,106.66,1414.39,94.97,196.66,Q3 FY2022-23
2022,11,IMPS,387.42,22997.29,388,1291400,13.08,48.15,5936.01,98.59,196.66,Q3 FY2022-23
2022,11,NEFT,491.99,1331075.55,388,1639967,16.62,20.96,270549.31,99.9,196.66,Q3 FY2022-23
2022,11,RTGS,164.97,9818831.58,388,549900,5.57,7.47,5951889.18,99.9,196.66,Q3 FY2022-23
2022,11,NACH,799.92,27816.66,388,2666400,27.02,34.48,3477.43,92.94,196.66,Q3 FY2022-23
2022,11,AePS,54.9,1662.88,388,183000,1.85,51.53,3028.92,89.42,196.66,Q3 FY2022-23
2022,11,Debit_Card,362.93,6233.18,388,1209767,12.26,3.93,1717.46,98.34,196.66,Q3 FY2022-23
2022,11,Credit_Card,426.72,21078.13,388,1422400,14.41,29.13,4939.57,98.02,196.66,Q3 FY2022-23
2022,11,PPI,171.83,1853.56,388,572767,5.8,33.28,1078.72,95.67,196.66,Q3 FY2022-23
2022,11,NETC,36.06,45.66,388,120200,1.22,99.59,126.63,92.21,196.66,Q3 FY2022-23
2022,11,BBPS,50.09,1053.26,388,166967,1.69,90.58,2102.74,97.1,196.66,Q3 FY2022-23
2022,12,UPI,14.37,205.38,393,47900,0.5,98.46,1429.21,95.25,196.0,Q3 FY2022-23
2022,12,IMPS,353.14,21047.0,393,1177133,12.17,31.75,5959.96,96.63,196.0,Q3 FY2022-23
2022,12,NEFT,493.76,1337096.99,393,1645867,17.02,19.6,270798.97,99.9,196.0,Q3 FY2022-23
2022,12,RTGS,181.2,10795593.16,393,604000,6.25,17.11,5957832.87,99.9,196.0,Q3 FY2022-23
2022,12,NACH,711.58,24655.82,393,2371933,24.53,17.52,3464.94,94.17,196.0,Q3 FY2022-23
2022,12,AePS,55.8,1692.31,393,186000,1.92,49.53,3032.82,90.8,196.0,Q3 FY2022-23
2022,12,Debit_Card,401.28,6906.07,393,1337600,13.83,14.34,1721.01,98.25,196.0,Q3 FY2022-23
2022,12,Credit_Card,446.97,22096.36,393,1489900,15.41,32.87,4943.59,96.96,196.0,Q3 FY2022-23
2022,12,PPI,159.28,1634.8,393,530933,5.49,20.89,1026.37,94.54,196.0,Q3 FY2022-23
2022,12,NETC,36.04,43.0,393,120133,1.24,89.08,119.31,92.31,196.0,Q3 FY2022-23
2022,12,BBPS,47.84,1020.12,393,159467,1.65,73.35,2132.36,97.67,196.0,Q3 FY2022-23
2023,1,UPI,15.11,210.77,397,50367,0.52,95.95,1394.89,97.34,202.45,Q4 FY2022-23
2023,1,IMPS,378.79,22650.47,397,1262633,13.01,37.87,5979.69,98.44,202.45,Q4 FY2022-23
2023,1,NEFT,528.98,1434010.77,397,1763267,18.17,26.24,271089.79,99.9,202.45,Q4 FY2022-23
2023,1,RTGS,177.85,10606649.49,397,592833,6.11,14.03,5963817.54,99.9,202.45,Q4 FY2022-23
2023,1,NACH,715.17,24699.61,397,2383900,24.57,16.02,3453.67,92.59,202.45,Q4 FY2022-23
2023,1,AePS,55.06,1678.73,397,183533,1.89,43.25,3048.91,88.38,202.45,Q4 FY2022-23
2023,1,Debit_Card,358.76,6233.96,397,1195867,12.32,1.72,1737.64,96.64,202.45,Q4 FY2022-23
2023,1,Credit_Card,423.66,21037.56,397,1412200,14.55,23.71,4965.67,96.95,202.45,Q4 FY2022-23
2023,1,PPI,162.53,1696.42,397,541767,5.58,20.7,1043.76,94.22,202.45,Q4 FY2022-23
2023,1,NETC,41.27,58.67,397,137567,1.42,105.23,142.15,93.57,202.45,Q4 FY2022-23
2023,1,BBPS,53.8,1146.12,397,179333,1.85,85.66,2130.33,95.73,202.45,Q4 FY2022-23
2023,2,UPI,15.15,211.99,402,50500,0.55,84.48,1399.27,95.07,200.77,Q4 FY2022-23
2023,2,IMPS,335.46,19975.17,402,1118200,12.24,19.12,5954.56,97.19,200.77,Q4 FY2022-23
2023,2,NEFT,494.1,1340791.14,402,1647000,18.03,16.17,271360.28,99.9,200.77,Q4 FY2022-23
2023,2,RTGS,163.06,9734307.34,402,543533,5.95,3.72,5969770.23,99.9,200.77,Q4 FY2022-23
2023,2,NACH,683.04,23815.9,402,2276800,24.93,8.85,3486.75,93.29,200.77,Q4 FY2022-23
2023,2,AePS,49.67,1501.42,402,165567,1.81,25.46,3022.8,89.01,200.77,Q4 FY2022-23
2023,2,Debit_Card,348.08,6024.88,402,1160267,12.7,-1.8,1730.89,96.94,200.77,Q4 FY2022-23
2023,2,Credit_Card,395.6,19615.11,402,1318667,14.44,13.48,4958.32,97.05,200.77,Q4 FY2022-23
2023,2,PPI,167.13,1821.15,402,557100,6.1,21.44,1089.66,93.25,200.77,Q4 FY2022-23
2023,2,NETC,40.3,50.95,402,134333,1.47,89.96,126.43,92.72,200.77,Q4 FY2022-23
2023,2,BBPS,48.44,1034.35,402,161467,1.77,59.2,2135.32,95.51,200.77,Q4 FY2022-23
2023,3,UPI,20.7,288.37,406,69000,0.64,136.67,1393.07,97.0,204.34,Q4 FY2022-23
2023,3,IMPS,387.77,23097.91,406,1292567,11.92,34.34,5956.6,96.89,204.34,Q4 FY2022-23
2023,3,NEFT,504.39,1370126.46,406,1681300,15.51,16.84,271640.29,99.9,204.34,Q4 FY2022-23
2023,3,RTGS,194.6,11628745.81,406,648667,5.98,22.8,5975717.27,99.9,204.34,Q4 FY2022-23
2023,3,NACH,903.53,31532.84,406,3011767,27.78,41.44,3489.96,93.32,204.34,Q4 FY2022-23
2023,3,AePS,57.98,1753.26,406,193267,1.78,42.19,3023.9,89.77,204.34,Q4 FY2022-23
2023,3,Debit_Card,421.65,7273.93,406,1405500,12.96,18.36,1725.11,97.17,204.34,Q4 FY2022-23
2023,3,Credit_Card,456.46,22717.51,406,1521533,14.03,28.62,4976.89,97.54,204.34,Q4 FY2022-23
2023,3,PPI,197.61,2043.5,406,658700,6.08,40.5,1034.11,95.55,204.34,Q4 FY2022-23
2023,3,NETC,46.15,54.13,406,153833,1.42,106.19,117.29,91.91,204.34,Q4 FY2022-23
2023,3,BBPS,61.62,1297.66,406,205400,1.89,92.88,2105.91,95.64,204.34,Q4 FY2022-23
2023,4,UPI,18.36,256.96,411,61200,0.61,97.11,1399.54,96.39,209.32,Q1 FY2023-24
2023,4,IMPS,405.49,24304.22,411,1351633,13.43,37.05,5993.79,99.46,209.32,Q1 FY2023-24
2023,4,NEFT,502.58,1366592.37,411,1675267,16.65,14.7,271915.39,99.9,209.32,Q1 FY2023-24
2023,4,RTGS,170.0,10168893.76,411,566667,5.63,6.43,5981702.21,99.9,209.32,Q1 FY2023-24
2023,4,NACH,794.19,27635.03,411,2647300,26.31,22.13,3479.65,95.37,209.32,Q1 FY2023-24
2023,4,AePS,60.37,1838.47,411,201233,2.0,43.74,3045.33,89.54,209.32,Q1 FY2023-24
2023,4,Debit_Card,353.39,6104.21,411,1177967,11.71,-1.29,1727.33,96.3,209.32,Q1 FY2023-24
2023,4,Credit_Card,431.75,21374.39,411,1439167,14.3,19.51,4950.64,99.32,209.32,Q1 FY2023-24
2023,4,PPI,175.8,1900.71,411,586000,5.82,22.3,1081.18,93.39,209.32,Q1 FY2023-24
2023,4,NETC,42.73,64.17,411,142433,1.42,80.96,150.17,93.03,209.32,Q1 FY2023-24
2023,4,BBPS,63.95,1371.69,411,213167,2.12,90.64,2144.94,98.18,209.32,Q1 FY2023-24
2023,5,UPI,19.77,278.34,415,65900,0.61,99.29,1407.88,97.16,212.35,Q1 FY2023-24
2023,5,IMPS,418.08,24979.15,415,1393600,12.95,37.86,5974.73,98.77,212.35,Q1 FY2023-24
2023,5,NEFT,511.88,1393234.78,415,1706267,15.86,15.09,272179.96,99.9,212.35,Q1 FY2023-24
2023,5,RTGS,186.13,11144917.38,415,620433,5.77,15.6,5987706.11,99.9,212.35,Q1 FY2023-24
2023,5,NACH,874.78,30545.31,415,2915933,27.1,32.14,3491.77,95.52,212.35,Q1 FY2023-24
2023,5,AePS,57.3,1748.12,415,191000,1.78,32.45,3050.82,90.17,212.35,Q1 FY2023-24
2023,5,Debit_Card,412.33,7130.84,415,1374433,12.77,14.6,1729.4,98.66,212.35,Q1 FY2023-24
2023,5,Credit_Card,435.12,21757.44,415,1450400,13.48,18.31,5000.33,97.92,212.35,Q1 FY2023-24
2023,5,PPI,201.32,2124.21,415,671067,6.24,37.04,1055.14,94.92,212.35,Q1 FY2023-24
2023,5,NETC,49.62,56.69,415,165400,1.54,99.19,114.25,92.01,212.35,Q1 FY2023-24
2023,5,BBPS,61.78,1307.46,415,205933,1.91,75.4,2116.32,96.54,212.35,Q1 FY2023-24
2023,6,UPI,24.0,336.96,420,80000,0.75,127.16,1403.99,97.23,209.02,Q1 FY2023-24
2023,6,IMPS,398.08,23932.97,420,1326933,12.46,28.07,6012.1,98.03,209.02,Q1 FY2023-24
2023,6,NEFT,507.81,1383566.68,420,1692700,15.9,12.49,272457.55,99.9,209.02,Q1 FY2023-24
2023,6,RTGS,184.79,11075686.68,420,615967,5.79,13.86,5993661.28,99.9,209.02,Q1 FY2023-24
2023,6,NACH,890.73,30932.29,420,2969100,27.89,32.17,3472.69,92.77,209.02,Q1 FY2023-24
2023,6,AePS,67.03,2057.33,420,223433,2.1,50.43,3069.27,90.99,209.02,Q1 FY2023-24
2023,6,Debit_Card,373.07,6573.64,420,1243567,11.68,3.17,1762.04,97.49,209.02,Q1 FY2023-24
2023,6,Credit_Card,428.3,21277.26,420,1427667,13.41,14.4,4967.84,99.61,209.02,Q1 FY2023-24
2023,6,PPI,197.64,2135.18,420,658800,6.19,31.64,1080.34,96.47,209.02,Q1 FY2023-24
2023,6,NETC,53.3,75.82,420,177667,1.67,102.8,142.25,92.0,209.02,Q1 FY2023-24
2023,6,BBPS,69.33,1485.6,420,231100,2.17,87.46,2142.79,95.33,209.02,Q1 FY2023-24
2023,7,UPI,24.68,346.67,424,82267,0.73,119.34,1404.66,95.01,213.4,Q2 FY2023-24
2023,7,IMPS,402.95,24186.23,424,1343167,11.85,26.47,6002.29,99.9,213.4,Q2 FY2023-24
2023,7,NEFT,567.88,1548597.06,424,1892933,16.7,23.94,272697.94,99.9,213.4,Q2 FY2023-24
2023,7,RTGS,192.94,11575744.85,424,643133,5.68,17.93,5999660.44,99.9,213.4,Q2 FY2023-24
2023,7,NACH,910.83,31673.48,424,3036100,26.79,32.76,3477.43,95.34,213.4,Q2 FY2023-24
2023,7,AePS,64.3,1953.39,424,214333,1.89,40.1,3037.93,90.72,213.4,Q2 FY2023-24
2023,7,Debit_Card,416.34,7289.78,424,1387800,12.25,14.57,1750.92,98.34,213.4,Q2 FY2023-24
2023,7,Credit_Card,507.26,25333.38,424,1690867,14.92,33.09,4994.16,97.17,213.4,Q2 FY2023-24
2023,7,PPI,184.32,1946.12,424,614400,5.42,20.13,1055.84,93.48,213.4,Q2 FY2023-24
2023,7,NETC,53.58,64.92,424,178600,1.58,93.24,121.17,91.62,213.4,Q2 FY2023-24
2023,7,BBPS,74.44,1572.02,424,248133,2.19,91.69,2111.8,96.09,213.4,Q2 FY2023-24
2023,8,UPI,27.43,374.35,429,91433,0.81,128.91,1364.75,97.22,218.53,Q2 FY2023-24
2023,8,IMPS,466.23,27962.0,429,1554100,13.75,42.76,5997.47,97.88,218.53,Q2 FY2023-24
2023,8,NEFT,555.42,1516313.76,429,1851400,16.38,19.43,273003.09,99.72,218.53,Q2 FY2023-24
2023,8,RTGS,177.93,10685866.21,429,593100,5.25,7.9,6005657.4,99.9,218.53,Q2 FY2023-24
2023,8,NACH,871.49,30532.57,429,2904967,25.69,24.78,3503.49,94.17,218.53,Q2 FY2023-24
2023,8,AePS,63.1,1939.29,429,210333,1.86,33.48,3073.36,88.59,218.53,Q2 FY2023-24
2023,8,Debit_Card,386.48,6766.76,429,1288267,11.39,5.82,1750.87,97.41,218.53,Q2 FY2023-24
2023,8,Credit_Card,508.62,25463.14,429,1695400,15.0,31.09,5006.32,96.37,218.53,Q2 FY2023-24
2023,8,PPI,208.53,2292.89,429,695100,6.15,32.98,1099.55,93.84,218.53,Q2 FY2023-24
2023,8,NETC,57.28,83.98,429,190933,1.69,95.82,146.62,91.81,218.53,Q2 FY2023-24
2023,8,BBPS,69.27,1469.97,429,230900,2.04,69.89,2122.09,95.48,218.53,Q2 FY2023-24
2023,9,UPI,28.03,385.35,433,93433,0.83,119.64,1374.76,95.31,217.88,Q2 FY2023-24
2023,9,IMPS,466.18,28055.46,433,1553933,13.8,39.27,6018.16,98.88,217.88,Q2 FY2023-24
2023,9,NEFT,585.14,1598871.64,433,1950467,17.32,23.96,273246.0,99.57,217.88,Q2 FY2023-24
2023,9,RTGS,176.04,10582931.72,433,586800,5.21,5.9,6011663.1,99.9,217.88,Q2 FY2023-24
2023,9,NACH,849.91,29585.2,433,2833033,25.16,19.54,3480.98,95.23,217.88,Q2 FY2023-24
2023,9,AePS,66.5,2030.13,433,221667,1.97,36.58,3052.82,89.67,217.88,Q2 FY2023-24
2023,9,Debit_Card,361.61,6322.46,433,1205367,10.7,-1.48,1748.42,97.59,217.88,Q2 FY2023-24
2023,9,Credit_Card,494.89,24709.07,433,1649633,14.65,25.29,4992.84,98.18,217.88,Q2 FY2023-24
2023,9,PPI,219.41,2317.5,433,731367,6.49,36.9,1056.24,96.38,217.88,Q2 FY2023-24
2023,9,NETC,55.42,69.8,433,184733,1.64,79.58,125.94,92.84,217.88,Q2 FY2023-24
2023,9,BBPS,75.17,1605.71,433,250567,2.23,75.58,2136.1,96.41,217.88,Q2 FY2023-24
2023,10,UPI,30.1,417.26,438,100333,0.81,121.46,1386.26,95.77,220.74,Q3 FY2023-24
2023,10,IMPS,463.4,27892.56,438,1544667,12.47,35.06,6019.11,99.83,220.74,Q3 FY2023-24
2023,10,NEFT,643.64,1760550.17,438,2145467,17.31,34.34,273530.26,99.9,220.74,Q3 FY2023-24
2023,10,RTGS,204.46,12303762.82,438,681533,5.5,22.02,6017686.99,99.9,220.74,Q3 FY2023-24
2023,10,NACH,904.09,31799.65,438,3013633,24.32,24.91,3517.31,94.8,220.74,Q3 FY2023-24
2023,10,AePS,75.29,2306.61,438,250967,2.03,50.13,3063.63,91.45,220.74,Q3 FY2023-24
2023,10,Debit_Card,425.77,7504.71,438,1419233,11.45,15.42,1762.62,97.67,220.74,Q3 FY2023-24
2023,10,Credit_Card,578.44,29122.31,438,1928133,15.56,43.86,5034.63,96.72,220.74,Q3 FY2023-24
2023,10,PPI,232.98,2545.84,438,776600,6.27,42.24,1092.73,93.91,220.74,Q3 FY2023-24
2023,10,NETC,67.43,101.6,438,224767,1.81,107.11,150.67,94.7,220.74,Q3 FY2023-24
2023,10,BBPS,91.94,1997.96,438,306467,2.47,104.52,2173.11,95.24,220.74,Q3 FY2023-24
2023,11,UPI,34.89,475.36,442,116300,0.91,141.04,1362.45,95.29,224.59,Q3 FY2023-24
2023,11,IMPS,491.49,29597.68,442,1638300,12.79,39.75,6022.03,99.88,224.59,Q3 FY2023-24
2023,11,NEFT,659.08,1804668.21,442,2196933,17.15,35.53,273816.26,99.9,224.59,Q3 FY2023-24
2023,11,RTGS,199.11,11993802.07,442,663700,5.18,17.89,6023706.53,99.9,224.59,Q3 FY2023-24
2023,11,NACH,1009.55,35347.17,442,3365167,26.26,37.02,3501.28,92.84,224.59,Q3 FY2023-24
2023,11,AePS,74.33,2282.03,442,247767,1.93,43.9,3070.13,90.97,224.59,Q3 FY2023-24
2023,11,Debit_Card,440.44,7795.52,442,1468133,11.46,18.8,1769.94,98.56,224.59,Q3 FY2023-24
2023,11,Credit_Card,567.68,28618.0,442,1892267,14.77,38.68,5041.22,96.67,224.59,Q3 FY2023-24
2023,11,PPI,212.4,2265.5,442,708000,5.53,26.89,1066.62,95.19,224.59,Q3 FY2023-24
2023,11,NETC,67.34,84.3,442,224467,1.75,96.05,125.18,92.76,224.59,Q3 FY2023-24
2023,11,BBPS,87.54,1883.77,442,291800,2.28,85.46,2151.9,96.52,224.59,Q3 FY2023-24
2023,12,UPI,30.39,419.74,447,101300,0.85,97.13,1381.18,94.41,228.4,Q3 FY2023-24
2023,12,IMPS,467.38,28241.06,447,1557933,13.07,29.66,6042.42,97.9,228.4,Q3 FY2023-24
2023,12,NEFT,556.53,1525280.77,447,1855100,15.57,12.75,274069.82,99.9,228.4,Q3 FY2023-24
2023,12,RTGS,190.59,11492076.09,447,635300,5.33,11.95,6029737.18,99.9,228.4,Q3 FY2023-24
2023,12,NACH,957.9,33746.43,447,3193000,26.79,27.71,3522.96,92.81,228.4,Q3 FY2023-24
2023,12,AePS,70.26,2170.09,447,234200,1.97,32.06,3088.65,89.89,228.4,Q3 FY2023-24
2023,12,Debit_Card,420.22,7425.88,447,1400733,11.75,12.79,1767.14,96.28,228.4,Q3 FY2023-24
2023,12,Credit_Card,502.26,25326.71,447,1674200,14.05,20.53,5042.55,98.6,228.4,Q3 FY2023-24
2023,12,PPI,212.8,2261.83,447,709333,5.95,24.39,1062.89,94.08,228.4,Q3 FY2023-24
2023,12,NETC,71.61,103.49,447,238700,2.0,97.61,144.52,93.93,228.4,Q3 FY2023-24
2023,12,BBPS,95.0,2069.86,447,316667,2.66,91.68,2178.8,97.88,228.4,Q3 FY2023-24
2024,1,UPI,35.04,473.45,451,116800,0.99,113.43,1351.18,95.96,232.41,Q4 FY2023-24
2024,1,IMPS,469.81,28435.16,451,1566033,13.25,27.15,6052.48,99.33,232.41,Q4 FY2023-24
2024,1,NEFT,580.91,1593689.64,451,1936367,16.38,15.95,274343.64,99.9,232.41,Q4 FY2023-24
2024,1,RTGS,189.04,11409999.32,451,630133,5.33,10.16,6035759.27,99.9,232.41,Q4 FY2023-24
2024,1,NACH,890.7,31144.84,451,2969000,25.12,16.65,3496.67,92.47,232.41,Q4 FY2023-24
2024,1,AePS,82.52,2531.42,451,275067,2.33,50.58,3067.65,90.44,232.41,Q4 FY2023-24
2024,1,Debit_Card,421.67,7349.54,451,1405567,11.89,12.61,1742.96,98.41,232.41,Q4 FY2023-24
2024,1,Credit_Card,485.86,24598.36,451,1619533,13.7,14.54,5062.85,97.58,232.41,Q4 FY2023-24
2024,1,PPI,215.86,2295.87,451,719533,6.09,23.46,1063.59,96.49,232.41,Q4 FY2023-24
2024,1,NETC,76.56,108.45,451,255200,2.16,100.25,141.65,93.77,232.41,Q4 FY2023-24
2024,1,BBPS,98.49,2122.12,451,328300,2.78,89.26,2154.66,96.21,232.41,Q4 FY2023-24
2024,2,UPI,35.02,481.03,456,116733,0.99,100.28,1373.58,96.65,231.22,Q4 FY2023-24
2024,2,IMPS,508.93,30769.09,456,1696433,14.44,34.38,6045.84,96.91,231.22,Q4 FY2023-24
2024,2,NEFT,597.74,1641496.43,456,1992467,16.96,17.55,274617.13,99.9,231.22,Q4 FY2023-24
2024,2,RTGS,181.19,10947113.94,456,603967,5.14,4.74,6041787.04,99.9,231.22,Q4 FY2023-24
2024,2,NACH,920.92,32425.04,456,3069733,26.12,18.48,3520.94,93.86,231.22,Q4 FY2023-24
2024,2,AePS,72.08,2213.49,456,240267,2.04,27.7,3070.88,89.6,231.22,Q4 FY2023-24
2024,2,Debit_Card,366.18,6399.69,456,1220600,10.39,-2.69,1747.69,97.01,231.22,Q4 FY2023-24
2024,2,Credit_Card,459.28,23323.98,456,1530933,13.03,6.36,5078.38,99.27,231.22,Q4 FY2023-24
2024,2,PPI,225.45,2434.36,456,751500,6.4,26.17,1079.78,93.74,231.22,Q4 FY2023-24
2024,2,NETC,74.37,98.38,456,247900,2.11,84.39,132.28,93.7,231.22,Q4 FY2023-24
2024,2,BBPS,84.09,1843.66,456,280300,2.39,53.89,2192.49,96.19,231.22,Q4 FY2023-24
2024,3,UPI,42.76,572.57,460,142533,1.06,129.63,1339.04,97.08,236.93,Q4 FY2023-24
2024,3,IMPS,535.56,32475.39,460,1785200,13.21,37.96,6063.82,99.72,236.93,Q4 FY2023-24
2024,3,NEFT,613.12,1685551.25,460,2043733,15.13,18.79,274913.76,99.9,236.93,Q4 FY2023-24
2024,3,RTGS,189.18,11441309.46,460,630600,4.67,8.49,6047843.04,99.9,236.93,Q4 FY2023-24
2024,3,NACH,1120.19,39515.71,460,3733967,27.64,41.56,3527.59,94.69,236.93,Q4 FY2023-24
2024,3,AePS,89.84,2783.96,460,299467,2.22,54.53,3098.8,89.31,236.93,Q4 FY2023-24
2024,3,Debit_Card,450.24,7906.71,460,1500800,11.11,19.05,1756.11,96.76,236.93,Q4 FY2023-24
2024,3,Credit_Card,555.17,28036.08,460,1850567,13.7,26.29,5050.0,98.88,236.93,Q4 FY2023-24
2024,3,PPI,259.83,2838.49,460,866100,6.41,42.28,1092.44,94.06,236.93,Q4 FY2023-24
2024,3,NETC,91.14,128.52,460,303800,2.25,114.18,141.01,92.18,236.93,Q4 FY2023-24
2024,3,BBPS,105.7,2302.47,460,352333,2.61,84.23,2178.31,97.65,236.93,Q4 FY2023-24
2024,4,UPI,43.39,579.82,465,144633,1.11,118.79,1336.31,96.8,241.32,Q1 FY2024-25
2024,4,IMPS,535.76,32399.07,465,1785867,13.68,34.65,6047.31,97.23,241.32,Q1 FY2024-25
2024,4,NEFT,660.99,1818851.34,465,2203300,16.87,26.17,275170.78,99.9,241.32,Q1 FY2024-25
2024,4,RTGS,203.94,12346276.22,465,679800,5.21,16.03,6053876.74,99.9,241.32,Q1 FY2024-25
2024,4,NACH,1057.94,37191.99,465,3526467,27.01,31.33,3515.51,93.33,241.32,Q1 FY2024-25
2024,4,AePS,81.02,2490.34,465,270067,2.07,35.3,3073.74,91.4,241.32,Q1 FY2024-25
2024,4,Debit_Card,377.55,6644.69,465,1258500,9.64,-0.67,1759.95,98.45,241.32,Q1 FY2024-25
2024,4,Credit_Card,521.35,26552.62,465,1737833,13.31,16.5,5093.05,99.73,241.32,Q1 FY2024-25
2024,4,PPI,232.97,2480.13,465,776567,5.95,24.83,1064.57,96.53,241.32,Q1 FY2024-25
2024,4,NETC,89.56,118.31,465,298533,2.29,99.5,132.1,94.46,241.32,Q1 FY2024-25
2024,4,BBPS,112.74,2450.39,465,375800,2.88,87.14,2173.49,95.96,241.32,Q1 FY2024-25
2024,5,UPI,47.52,641.61,469,158400,1.22,124.99,1350.18,95.06,239.07,Q1 FY2024-25
2024,5,IMPS,516.69,31338.9,469,1722300,13.26,26.69,6065.32,96.96,239.07,Q1 FY2024-25
2024,5,NEFT,605.28,1667199.45,469,2017600,15.53,13.83,275442.68,99.9,239.07,Q1 FY2024-25
2024,5,RTGS,192.11,11641722.07,469,640367,4.93,8.43,6059925.08,99.9,239.07,Q1 FY2024-25
2024,5,NACH,1027.08,36208.37,469,3423600,26.36,25.25,3525.37,95.11,239.07,Q1 FY2024-25
2024,5,AePS,93.66,2874.03,469,312200,2.4,51.85,3068.58,90.59,239.07,Q1 FY2024-25
2024,5,Debit_Card,402.8,7122.43,469,1342667,10.34,5.45,1768.23,96.85,239.07,Q1 FY2024-25
2024,5,Credit_Card,547.75,28078.43,469,1825833,14.06,20.23,5126.14,97.78,239.07,Q1 FY2024-25
2024,5,PPI,256.21,2727.97,469,854033,6.58,34.32,1064.74,94.14,239.07,Q1 FY2024-25
2024,5,NETC,94.06,119.59,469,313533,2.41,98.6,127.14,91.49,239.07,Q1 FY2024-25
2024,5,BBPS,113.37,2464.98,469,377900,2.91,79.23,2174.28,97.86,239.07,Q1 FY2024-25
2024,6,UPI,49.25,656.28,474,164167,1.24,118.95,1332.54,97.01,242.79,Q1 FY2024-25
2024,6,IMPS,573.62,34817.87,474,1912067,14.43,37.22,6069.85,98.14,242.79,Q1 FY2024-25
2024,6,NEFT,619.37,1707867.62,474,2064567,15.58,14.76,275742.71,99.9,242.79,Q1 FY2024-25
2024,6,RTGS,202.59,12289093.15,474,675300,5.1,13.44,6065991.98,99.9,242.79,Q1 FY2024-25
2024,6,NACH,1008.33,35530.32,474,3361100,25.36,20.79,3523.68,93.12,242.79,Q1 FY2024-25
2024,6,AePS,85.2,2646.37,474,284000,2.14,34.11,3106.07,91.67,242.79,Q1 FY2024-25
2024,6,Debit_Card,399.99,7042.98,474,1333300,10.06,4.19,1760.79,96.26,242.79,Q1 FY2024-25
2024,6,Credit_Card,582.64,29843.05,474,1942133,14.65,25.63,5122.04,96.92,242.79,Q1 FY2024-25
2024,6,PPI,239.62,2656.67,474,798733,6.03,22.92,1108.7,95.52,242.79,Q1 FY2024-25
2024,6,NETC,99.92,119.01,474,333067,2.51,99.97,119.11,92.74,242.79,Q1 FY2024-25
2024,6,BBPS,115.42,2537.34,474,384733,2.9,73.78,2198.35,95.09,242.79,Q1 FY2024-25
2024,7,UPI,49.01,654.7,478,163367,1.2,104.58,1335.86,95.02,249.84,Q2 FY2024-25
2024,7,IMPS,579.48,35231.63,478,1931600,14.18,35.24,6079.87,99.19,249.84,Q2 FY2024-25
2024,7,NEFT,607.68,1677166.23,478,2025600,14.87,10.93,275994.97,99.9,249.84,Q2 FY2024-25
2024,7,RTGS,213.76,12979658.48,478,712533,5.23,18.75,6072070.77,99.9,249.84,Q2 FY2024-25
2024,7,NACH,1079.98,38199.54,478,3599933,26.43,27.08,3537.06,92.96,249.84,Q2 FY2024-25
2024,7,AePS,95.59,2967.55,478,318633,2.34,46.08,3104.46,88.85,249.84,Q2 FY2024-25
2024,7,Debit_Card,378.14,6712.63,478,1260467,9.25,-1.99,1775.17,95.89,249.84,Q2 FY2024-25
2024,7,Credit_Card,602.59,30704.79,478,2008633,14.75,27.63,5095.47,96.85,249.84,Q2 FY2024-25
2024,7,PPI,255.23,2753.34,478,850767,6.25,28.11,1078.77,94.18,249.84,Q2 FY2024-25
2024,7,NETC,98.3,120.91,478,327667,2.41,86.47,123.0,93.31,249.84,Q2 FY2024-25
2024,7,BBPS,126.19,2745.64,478,420633,3.09,80.95,2175.8,97.44,249.84,Q2 FY2024-25
2024,8,UPI,50.32,662.45,483,167733,1.2,97.23,1316.47,96.29,249.33,Q2 FY2024-25
2024,8,IMPS,590.34,35934.47,483,1967800,14.1,34.41,6087.08,97.35,249.33,Q2 FY2024-25
2024,8,NEFT,633.71,1750745.29,483,2112367,15.13,13.97,276269.16,99.9,249.33,Q2 FY2024-25
2024,8,RTGS,213.5,12976862.8,483,711667,5.1,17.66,6078155.88,99.9,249.33,Q2 FY2024-25
2024,8,NACH,1042.6,36855.28,483,3475333,24.9,20.51,3534.94,92.85,249.33,Q2 FY2024-25
2024,8,AePS,88.45,2725.42,483,294833,2.11,31.24,3081.31,88.64,249.33,Q2 FY2024-25
2024,8,Debit_Card,422.97,7443.47,483,1409900,10.1,9.08,1759.81,98.31,249.33,Q2 FY2024-25
2024,8,Credit_Card,634.12,32451.92,483,2113733,15.14,31.94,5117.63,99.08,249.33,Q2 FY2024-25
2024,8,PPI,278.55,2993.69,483,928500,6.65,36.81,1074.74,96.15,249.33,Q2 FY2024-25
2024,8,NETC,108.59,124.28,483,361967,2.59,95.26,114.45,94.48,249.33,Q2 FY2024-25
2024,8,BBPS,124.12,2740.43,483,413733,2.96,69.51,2207.89,95.6,249.33,Q2 FY2024-25
2024,9,UPI,57.27,767.92,487,190900,1.3,110.77,1340.87,96.79,252.7,Q2 FY2024-25
2024,9,IMPS,617.25,37628.12,487,2057500,14.05,37.11,6096.09,97.42,252.7,Q2 FY2024-25
2024,9,NEFT,715.64,1979195.81,487,2385467,16.29,26.8,276563.05,99.9,252.7,Q2 FY2024-25
2024,9,RTGS,188.15,11447482.83,487,627167,4.28,2.87,6084232.17,99.9,252.7,Q2 FY2024-25
2024,9,NACH,1145.91,40525.68,487,3819700,26.09,30.11,3536.55,94.59,252.7,Q2 FY2024-25
2024,9,AePS,93.95,2921.38,487,313167,2.14,35.34,3109.51,90.89,252.7,Q2 FY2024-25
2024,9,Debit_Card,407.16,7154.62,487,1357200,9.27,4.48,1757.2,96.85,252.7,Q2 FY2024-25
2024,9,Credit_Card,650.9,33395.34,487,2169667,14.82,33.03,5130.64,96.62,252.7,Q2 FY2024-25
2024,9,PPI,260.32,2895.57,487,867733,5.93,25.1,1112.31,96.45,252.7,Q2 FY2024-25
2024,9,NETC,109.51,166.1,487,365033,2.49,86.64,151.68,91.98,252.7,Q2 FY2024-25
2024,9,BBPS,145.82,3248.45,487,486067,3.32,89.66,2227.71,95.42,252.7,Q2 FY2024-25
2024,10,UPI,61.71,818.16,492,205700,1.3,113.25,1325.81,96.99,256.07,Q3 FY2024-25
2024,10,IMPS,644.67,39157.96,492,2148900,13.63,39.71,6074.11,99.36,256.07,Q3 FY2024-25
2024,10,NEFT,717.71,1986777.02,492,2392367,15.17,25.29,276821.7,99.9,256.07,Q3 FY2024-25
2024,10,RTGS,226.27,13780534.8,492,754233,4.78,22.73,6090305.74,99.9,256.07,Q3 FY2024-25
2024,10,NACH,1233.56,43877.85,492,4111867,26.08,37.59,3557.01,94.49,256.07,Q3 FY2024-25
2024,10,AePS,114.81,3582.11,492,382700,2.43,60.57,3120.03,88.73,256.07,Q3 FY2024-25
2024,10,Debit_Card,454.56,8079.62,492,1515200,9.61,16.07,1777.46,96.09,256.07,Q3 FY2024-25
2024,10,Credit_Card,673.27,34810.28,492,2244233,14.23,35.17,5170.33,99.52,256.07,Q3 FY2024-25
2024,10,PPI,321.02,3613.43,492,1070067,6.79,50.95,1125.61,93.8,256.07,Q3 FY2024-25
2024,10,NETC,130.55,173.04,492,435167,2.76,110.9,132.55,92.38,256.07,Q3 FY2024-25
2024,10,BBPS,152.53,3409.2,492,508433,3.22,88.94,2235.1,95.22,256.07,Q3 FY2024-25
2024,11,UPI,70.48,919.78,496,234933,1.5,128.69,1305.02,96.0,258.02,Q3 FY2024-25
2024,11,IMPS,657.57,40103.02,496,2191900,14.04,39.03,6098.67,97.06,258.02,Q3 FY2024-25
2024,11,NEFT,698.98,1936819.27,496,2329933,14.92,20.22,277092.23,99.9,258.02,Q3 FY2024-25
2024,11,RTGS,213.31,13004217.51,496,711033,4.55,14.78,6096393.75,99.9,258.02,Q3 FY2024-25
2024,11,NACH,1244.31,44139.66,496,4147700,26.57,36.34,3547.32,93.28,258.02,Q3 FY2024-25
2024,11,AePS,109.34,3401.0,496,364467,2.33,48.46,3110.48,91.89,258.02,Q3 FY2024-25
2024,11,Debit_Card,463.8,8200.12,496,1546000,9.9,17.84,1768.03,95.75,258.02,Q3 FY2024-25
2024,11,Credit_Card,653.91,33631.11,496,2179700,13.96,28.96,5143.08,98.15,258.02,Q3 FY2024-25
2024,11,PPI,278.24,3086.41,496,927467,5.94,28.02,1109.26,95.73,258.02,Q3 FY2024-25
2024,11,NETC,130.31,171.93,496,434367,2.78,99.54,131.94,93.86,258.02,Q3 FY2024-25
2024,11,BBPS,163.76,3642.45,496,545867,3.5,93.19,2224.26,95.46,258.02,Q3 FY2024-25
2024,12,UPI,66.77,885.24,501,222567,1.49,103.43,1325.81,94.95,264.35,Q3 FY2024-25
2024,12,IMPS,635.46,38807.03,501,2118200,14.2,31.08,6106.92,97.74,264.35,Q3 FY2024-25
2024,12,NEFT,742.84,2060659.78,501,2476133,16.6,25.87,277402.91,99.9,264.35,Q3 FY2024-25
2024,12,RTGS,221.45,13513950.07,501,738167,4.95,18.21,6102483.66,99.9,264.35,Q3 FY2024-25
2024,12,NACH,1112.6,39599.77,501,3708667,24.86,19.75,3559.21,92.96,264.35,Q3 FY2024-25
2024,12,AePS,108.53,3368.01,501,361767,2.42,43.07,3103.3,91.82,264.35,Q3 FY2024-25
2024,12,Debit_Card,433.54,7755.03,501,1445133,9.69,9.6,1788.77,97.64,264.35,Q3 FY2024-25
2024,12,Credit_Card,592.93,30751.43,501,1976433,13.25,14.87,5186.35,98.16,264.35,Q3 FY2024-25
2024,12,PPI,272.91,3049.41,501,909700,6.1,22.86,1117.37,96.93,264.35,Q3 FY2024-25
2024,12,NETC,123.45,146.33,501,411500,2.76,79.18,118.53,93.33,264.35,Q3 FY2024-25
2024,12,BBPS,165.39,3667.61,501,551300,3.7,85.82,2217.55,95.25,264.35,Q3 FY2024-25
2025,1,UPI,78.46,1030.31,505,261533,1.72,124.46,1313.16,95.95,268.56,Q4 FY2024-25
2025,1,IMPS,666.48,40840.36,505,2221600,14.6,34.12,6127.77,99.9,268.56,Q4 FY2024-25
2025,1,NEFT,717.14,1991308.31,505,2390467,15.71,19.72,277673.58,99.9,268.56,Q4 FY2024-25
2025,1,RTGS,221.78,13547667.3,505,739267,4.86,17.45,6108606.41,99.9,268.56,Q4 FY2024-25
2025,1,NACH,1111.11,39468.85,505,3703700,24.34,17.47,3552.2,93.07,268.56,Q4 FY2024-25
2025,1,AePS,112.8,3503.95,505,376000,2.47,44.37,3106.34,91.05,268.56,Q4 FY2024-25
2025,1,Debit_Card,437.63,7820.36,505,1458767,9.59,10.08,1786.98,96.65,268.56,Q4 FY2024-25
2025,1,Credit_Card,612.2,31788.18,505,2040667,13.41,16.51,5192.45,99.61,268.56,Q4 FY2024-25
2025,1,PPI,289.45,3249.92,505,964833,6.34,27.5,1122.79,96.87,268.56,Q4 FY2024-25
2025,1,NETC,140.41,194.58,505,468033,3.08,93.17,138.58,92.3,268.56,Q4 FY2024-25
2025,1,BBPS,178.11,3967.58,505,593700,3.9,90.58,2227.6,96.12,268.56,Q4 FY2024-25
2025,2,UPI,75.75,996.68,510,252500,1.71,103.48,1315.75,96.08,268.21,Q4 FY2024-25
2025,2,IMPS,686.13,42022.79,510,2287100,15.53,34.71,6124.61,99.9,268.21,Q4 FY2024-25
2025,2,NEFT,692.28,1924068.9,510,2307600,15.67,13.86,277932.18,99.9,268.21,Q4 FY2024-25
2025,2,RTGS,209.06,12783410.18,510,696867,4.73,9.83,6114708.78,99.9,268.21,Q4 FY2024-25
2025,2,NACH,1109.92,39276.18,510,3699733,25.12,15.27,3538.65,93.13,268.21,Q4 FY2024-25
2025,2,AePS,110.03,3432.66,510,366767,2.49,36.72,3119.75,89.32,268.21,Q4 FY2024-25
2025,2,Debit_Card,383.27,6856.05,510,1277567,8.67,-4.07,1788.83,96.18,268.21,Q4 FY2024-25
2025,2,Credit_Card,578.32,29944.95,510,1927733,13.09,8.11,5177.92,97.5,268.21,Q4 FY2024-25
2025,2,PPI,273.53,3098.16,510,911767,6.19,17.9,1132.66,96.04,268.21,Q4 FY2024-25
2025,2,NETC,135.16,169.25,510,450533,3.06,76.26,125.22,94.26,268.21,Q4 FY2024-25
2025,2,BBPS,165.74,3640.53,510,552467,3.75,68.9,2196.53,97.97,268.21,Q4 FY2024-25
2025,3,UPI,94.75,1232.35,514,315833,1.8,138.98,1300.63,97.99,269.99,Q4 FY2024-25
2025,3,IMPS,772.79,47448.07,514,2575967,14.69,48.02,6139.84,98.23,269.99,Q4 FY2024-25
2025,3,NEFT,827.76,2303000.25,514,2759200,15.73,34.13,278220.77,99.89,269.99,Q4 FY2024-25
2025,3,RTGS,232.46,14228414.47,514,774867,4.42,21.16,6120801.2,99.9,269.99,Q4 FY2024-25
2025,3,NACH,1299.65,46429.22,514,4332167,24.7,32.59,3572.44,95.69,269.99,Q4 FY2024-25
2025,3,AePS,120.01,3755.41,514,400033,2.28,44.78,3129.25,91.83,269.99,Q4 FY2024-25
2025,3,Debit_Card,472.43,8450.73,514,1574767,8.98,17.66,1788.78,97.91,269.99,Q4 FY2024-25
2025,3,Credit_Card,749.21,39081.87,514,2497367,14.24,37.58,5216.41,98.55,269.99,Q4 FY2024-25
2025,3,PPI,315.25,3533.1,514,1050833,5.99,32.95,1120.73,96.36,269.99,Q4 FY2024-25
2025,3,NETC,167.33,254.54,514,557767,3.18,106.83,152.12,92.67,269.99,Q4 FY2024-25
2025,3,BBPS,209.52,4629.74,514,698400,3.98,103.35,2209.69,97.53,269.99,Q4 FY2024-25
